 	271588111	271588111	19.807809	19.807809
_	89559559	361147670	6.531871	26.339680
e	57929599	419077269	4.224995	30.564675
t	40340039	459417308	2.942131	33.506806
\x0A	35967296	495384604	2.623212	36.130019
i	35268486	530653090	2.572246	38.702265
\x09	34140341	564793431	2.489967	41.192231
0	33596949	598390380	2.450335	43.642567
r	31767072	630157452	2.316876	45.959443
n	30636982	660794434	2.234455	48.193898
s	28815506	689609940	2.101609	50.295507
a	26303797	715913737	1.918422	52.213929
d	26010454	741924191	1.897027	54.110957
E	24072829	765997020	1.755710	55.866667
c	23149557	789146577	1.688373	57.555040
o	22270420	811416997	1.624255	59.179294
S	20723044	832140041	1.511399	60.690694
C	20714189	852854230	1.510754	62.201447
T	20657717	873511947	1.506635	63.708082
A	20563675	894075622	1.499776	65.207858
R	19500765	913576387	1.422255	66.630113
f	18760192	932336579	1.368242	67.998355
I	18347040	950683619	1.338110	69.336464
l	16762764	967446383	1.222563	70.559027
u	16060190	983506573	1.171322	71.730350
P	15254566	998761139	1.112565	72.842915
D	15115405	1013876544	1.102416	73.945331
p	15061113	1028937657	1.098456	75.043787
L	14562912	1043500569	1.062121	76.105908
N	14244786	1057745355	1.038919	77.144827
,	13887336	1071632691	1.012849	78.157675
M	13437094	1085069785	0.980011	79.137687
m	13210558	1098280343	0.963489	80.101176
F	12414147	1110694490	0.905404	81.006580
x	12391913	1123086403	0.903783	81.910363
O	11966384	1135052787	0.872748	82.783110
1	10166212	1145218999	0.741455	83.524566
)	10124279	1155343278	0.738397	84.262962
(	10118669	1165461947	0.737988	85.000950
;	9623147	1175085094	0.701848	85.702797
*	9595806	1184680900	0.699854	86.402651
h	8793678	1193474578	0.641352	87.044003
g	8478473	1201953051	0.618363	87.662365
2	8109737	1210062788	0.591470	88.253835
v	7949711	1218012499	0.579798	88.833633
G	7856877	1225869376	0.573028	89.406661
b	7831792	1233701168	0.571198	89.977859
U	7290263	1240991431	0.531703	90.509562
-	7266279	1248257710	0.529953	91.039516
B	6753859	1255011569	0.492581	91.532097
#	6449024	1261460593	0.470348	92.002445
=	6284953	1267745546	0.458382	92.460827
H	5757144	1273502690	0.419887	92.880714
/	5221886	1278724576	0.380849	93.261564
V	5091412	1283815988	0.371333	93.632897
>	5031842	1288847830	0.366989	93.999886
3	4994296	1293842126	0.364250	94.364136
k	4886660	1298728786	0.356400	94.720536
X	4658171	1303386957	0.339736	95.060272
"	4617801	1308004758	0.336791	95.397063
.	4306734	1312311492	0.314104	95.711167
4	4189900	1316501392	0.305583	96.016750
w	4060326	1320561718	0.296133	96.312883
K	4055373	1324617091	0.295772	96.608655
y	3689246	1328306337	0.269069	96.877724
8	3399414	1331705751	0.247930	97.125654
6	2945532	1334651283	0.214827	97.340481
{	2842741	1337494024	0.207330	97.547812
}	2842658	1340336682	0.207324	97.755136
5	2807840	1343144522	0.204785	97.959921
W	2805380	1345949902	0.204606	98.164526
Y	2758461	1348708363	0.201184	98.365710
:	2093589	1350801952	0.152692	98.518402
7	2003317	1352805269	0.146108	98.664511
&	1938864	1354744133	0.141408	98.805919
q	1927286	1356671419	0.140563	98.946482
9	1717030	1358388449	0.125229	99.071710
[	1402722	1359791171	0.102305	99.174015
]	1401621	1361192792	0.102225	99.276240
Q	1306620	1362499412	0.095296	99.371536
<	1222991	1363722403	0.089197	99.460733
z	1047178	1364769581	0.076374	99.537107
\\	1027579	1365797160	0.074945	99.612052
+	902420	1366699580	0.065816	99.677868
Z	844327	1367543907	0.061580	99.739448
|	745836	1368289743	0.054396	99.793844
%	622837	1368912580	0.045426	99.839270
!	598033	1369510613	0.043617	99.882886
j	413679	1369924292	0.030171	99.913057
@	351653	1370275945	0.025647	99.938704
'	273064	1370549009	0.019915	99.958620
J	186413	1370735422	0.013596	99.972215
?	98312	1370833734	0.007170	99.979386
$	87911	1370921645	0.006412	99.985797
~	82193	1371003838	0.005995	99.991792
^	18497	1371022335	0.001349	99.993141
`	9020	1371031355	0.000658	99.993799
─	1950	1371033305	0.000142	99.993941
©	1728	1371035033	0.000126	99.994067
的	1287	1371036320	0.000094	99.994161
。	1232	1371037552	0.000090	99.994251
│	1107	1371038659	0.000081	99.994332
다	1075	1371039734	0.000078	99.994410
이	1067	1371040801	0.000078	99.994488
는	961	1371041762	0.000070	99.994558
，	952	1371042714	0.000069	99.994627
의	886	1371043600	0.000065	99.994692
어	691	1371044291	0.000050	99.994742
에	667	1371044958	0.000049	99.994791
리	651	1371045609	0.000047	99.994838
用	633	1371046242	0.000046	99.994885
니	591	1371046833	0.000043	99.994928
로	573	1371047406	0.000042	99.994970
하	572	1371047978	0.000042	99.995011
을	530	1371048508	0.000039	99.995050
스	519	1371049027	0.000038	99.995088
在	477	1371049504	0.000035	99.995123
서	472	1371049976	0.000034	99.995157
ó	462	1371050438	0.000034	99.995191
가	451	1371050889	0.000033	99.995224
들	444	1371051333	0.000032	99.995256
를	443	1371051776	0.000032	99.995288
지	442	1371052218	0.000032	99.995320
文	436	1371052654	0.000032	99.995352
 	430	1371053084	0.000031	99.995384
수	413	1371053497	0.000030	99.995414
中	408	1371053905	0.000030	99.995443
一	396	1371054301	0.000029	99.995472
é	392	1371054693	0.000029	99.995501
기	392	1371055085	0.000029	99.995530
á	388	1371055473	0.000028	99.995558
은	378	1371055851	0.000028	99.995585
해	364	1371056215	0.000027	99.995612
드	344	1371056559	0.000025	99.995637
있	336	1371056895	0.000025	99.995662
核	334	1371057229	0.000024	99.995686
可	333	1371057562	0.000024	99.995710
个	331	1371057893	0.000024	99.995734
배	329	1371058222	0.000024	99.995758
以	310	1371058532	0.000023	99.995781
시	302	1371058834	0.000022	99.995803
设	302	1371059136	0.000022	99.995825
如	298	1371059434	0.000022	99.995847
모	293	1371059727	0.000021	99.995868
有	286	1371060013	0.000021	99.995889
”	284	1371060297	0.000021	99.995910
使	284	1371060581	0.000021	99.995930
“	278	1371060859	0.000020	99.995951
한	274	1371061133	0.000020	99.995971
：	270	1371061403	0.000020	99.995990
일	262	1371061665	0.000019	99.996009
ö	255	1371061920	0.000019	99.996028
（	253	1371062173	0.000018	99.996047
）	253	1371062426	0.000018	99.996065
件	252	1371062678	0.000018	99.996083
备	247	1371062925	0.000018	99.996101
内	246	1371063171	0.000018	99.996119
、	245	1371063416	0.000018	99.996137
고	244	1371063660	0.000018	99.996155
の	241	1371063901	0.000018	99.996173
ー	232	1371064133	0.000017	99.996189
í	232	1371064365	0.000017	99.996206
ł	229	1371064594	0.000017	99.996223
습	226	1371064820	0.000016	99.996240
存	224	1371065044	0.000016	99.996256
內	224	1371065268	0.000016	99.996272
인	221	1371065489	0.000016	99.996288
것	221	1371065710	0.000016	99.996304
置	215	1371065925	0.000016	99.996320
션	214	1371066139	0.000016	99.996336
–	213	1371066352	0.000016	99.996351
数	211	1371066563	0.000015	99.996367
메	211	1371066774	0.000015	99.996382
者	210	1371066984	0.000015	99.996397
도	209	1371067193	0.000015	99.996413
보	207	1371067400	0.000015	99.996428
레	207	1371067607	0.000015	99.996443
되	204	1371067811	0.000015	99.996458
적	203	1371068014	0.000015	99.996473
성	200	1371068214	0.000015	99.996487
만	200	1371068414	0.000015	99.996502
사	196	1371068610	0.000014	99.996516
果	193	1371068803	0.000014	99.996530
为	193	1371068996	0.000014	99.996544
트	192	1371069188	0.000014	99.996558
용	191	1371069379	0.000014	99.996572
터	190	1371069569	0.000014	99.996586
세	189	1371069758	0.000014	99.996600
과	188	1371069946	0.000014	99.996613
下	187	1371070133	0.000014	99.996627
그	187	1371070320	0.000014	99.996641
게	185	1371070505	0.000013	99.996654
오	185	1371070690	0.000013	99.996668
是	185	1371070875	0.000013	99.996681
不	184	1371071059	0.000013	99.996695
被	183	1371071242	0.000013	99.996708
합	176	1371071418	0.000013	99.996721
°	174	1371071592	0.000013	99.996733
版	174	1371071766	0.000013	99.996746
る	173	1371071939	0.000013	99.996759
い	171	1371072110	0.000012	99.996771
能	171	1371072281	0.000012	99.996784
必	169	1371072450	0.000012	99.996796
な	168	1371072618	0.000012	99.996808
这	167	1371072785	0.000012	99.996820
指	167	1371072952	0.000012	99.996833
に	166	1371073118	0.000012	99.996845
µ	165	1371073283	0.000012	99.996857
러	165	1371073448	0.000012	99.996869
라	165	1371073613	0.000012	99.996881
으	163	1371073776	0.000012	99.996893
定	162	1371073938	0.000012	99.996905
퍼	162	1371074100	0.000012	99.996916
’	160	1371074260	0.000012	99.996928
通	156	1371074416	0.000011	99.996939
构	156	1371074572	0.000011	99.996951
ä	155	1371074727	0.000011	99.996962
作	154	1371074881	0.000011	99.996973
要	154	1371075035	0.000011	99.996985
면	154	1371075189	0.000011	99.996996
않	154	1371075343	0.000011	99.997007
动	152	1371075495	0.000011	99.997018
個	149	1371075644	0.000011	99.997029
体	147	1371075791	0.000011	99.997040
제	147	1371075938	0.000011	99.997050
行	146	1371076084	0.000011	99.997061
结	145	1371076229	0.000011	99.997072
本	143	1371076372	0.000010	99.997082
순	142	1371076514	0.000010	99.997092
대	140	1371076654	0.000010	99.997103
性	139	1371076793	0.000010	99.997113
れ	138	1371076931	0.000010	99.997123
于	138	1371077069	0.000010	99.997133
나	137	1371077206	0.000010	99.997143
新	135	1371077341	0.000010	99.997153
所	134	1371077475	0.000010	99.997163
존	133	1371077608	0.000010	99.997172
了	133	1371077741	0.000010	99.997182
와	132	1371077873	0.000010	99.997192
或	130	1371078003	0.000009	99.997201
和	129	1371078132	0.000009	99.997210
系	129	1371078261	0.000009	99.997220
代	127	1371078388	0.000009	99.997229
些	127	1371078515	0.000009	99.997238
장	127	1371078642	0.000009	99.997248
时	126	1371078768	0.000009	99.997257
요	125	1371078893	0.000009	99.997266
模	125	1371079018	0.000009	99.997275
は	123	1371079141	0.000009	99.997284
子	122	1371079263	0.000009	99.997293
配	121	1371079384	0.000009	99.997302
할	121	1371079505	0.000009	99.997311
值	121	1371079626	0.000009	99.997319
├	121	1371079747	0.000009	99.997328
문	120	1371079867	0.000009	99.997337
된	120	1371079987	0.000009	99.997346
⎽	120	1371080107	0.000009	99.997354
更	119	1371080226	0.000009	99.997363
음	118	1371080344	0.000009	99.997372
└	118	1371080462	0.000009	99.997380
\x0C	117	1371080579	0.000009	99.997389
정	114	1371080693	0.000008	99.997397
调	114	1371080807	0.000008	99.997406
爲	114	1371080921	0.000008	99.997414
地	113	1371081034	0.000008	99.997422
と	112	1371081146	0.000008	99.997430
부	112	1371081258	0.000008	99.997438
바	112	1371081370	0.000008	99.997447
驱	111	1371081481	0.000008	99.997455
데	110	1371081591	0.000008	99.997463
상	110	1371081701	0.000008	99.997471
将	109	1371081810	0.000008	99.997479
て	108	1371081918	0.000008	99.997487
方	108	1371082026	0.000008	99.997494
其	108	1371082134	0.000008	99.997502
会	107	1371082241	0.000008	99.997510
아	107	1371082348	0.000008	99.997518
여	106	1371082454	0.000008	99.997526
컴	105	1371082559	0.000008	99.997533
파	105	1371082664	0.000008	99.997541
し	104	1371082768	0.000008	99.997549
接	104	1371082872	0.000008	99.997556
예	104	1371082976	0.000008	99.997564
程	103	1371083079	0.000008	99.997571
주	102	1371083181	0.000007	99.997579
토	102	1371083283	0.000007	99.997586
イ	101	1371083384	0.000007	99.997593
を	101	1371083485	0.000007	99.997601
자	101	1371083586	0.000007	99.997608
두	101	1371083687	0.000007	99.997616
행	101	1371083788	0.000007	99.997623
到	101	1371083889	0.000007	99.997630
址	101	1371083990	0.000007	99.997638
空	100	1371084090	0.000007	99.997645
法	100	1371084190	0.000007	99.997652
위	100	1371084290	0.000007	99.997660
须	100	1371084390	0.000007	99.997667
ン	99	1371084489	0.000007	99.997674
保	99	1371084588	0.000007	99.997681
и	98	1371084686	0.000007	99.997688
т	98	1371084784	0.000007	99.997696
注	97	1371084881	0.000007	99.997703
같	97	1371084978	0.000007	99.997710
른	97	1371085075	0.000007	99.997717
코	97	1371085172	0.000007	99.997724
你	97	1371085269	0.000007	99.997731
ス	95	1371085364	0.000007	99.997738
回	95	1371085459	0.000007	99.997745
入	95	1371085554	0.000007	99.997752
式	95	1371085649	0.000007	99.997759
它	94	1371085743	0.000007	99.997766
변	93	1371085836	0.000007	99.997772
例	92	1371085928	0.000007	99.997779
大	92	1371086020	0.000007	99.997786
此	92	1371086112	0.000007	99.997792
↓	92	1371086204	0.000007	99.997799
が	91	1371086295	0.000007	99.997806
쓰	91	1371086386	0.000007	99.997812
소	91	1371086477	0.000007	99.997819
우	90	1371086567	0.000007	99.997826
액	90	1371086657	0.000007	99.997832
始	90	1371086747	0.000007	99.997839
こ	89	1371086836	0.000006	99.997845
常	89	1371086925	0.000006	99.997852
전	89	1371087014	0.000006	99.997858
实	89	1371087103	0.000006	99.997865
也	89	1371087192	0.000006	99.997871
器	89	1371087281	0.000006	99.997878
函	89	1371087370	0.000006	99.997884
버	88	1371087458	0.000006	99.997891
た	87	1371087545	0.000006	99.997897
包	87	1371087632	0.000006	99.997903
位	87	1371087719	0.000006	99.997910
对	87	1371087806	0.000006	99.997916
映	87	1371087893	0.000006	99.997922
翻	86	1371087979	0.000006	99.997929
操	86	1371088065	0.000006	99.997935
理	85	1371088150	0.000006	99.997941
분	85	1371088235	0.000006	99.997947
目	85	1371088320	0.000006	99.997953
입	84	1371088404	0.000006	99.997960
需	84	1371088488	0.000006	99.997966
小	82	1371088570	0.000006	99.997972
재	82	1371088652	0.000006	99.997978
치	82	1371088734	0.000006	99.997984
引	81	1371088815	0.000006	99.997990
될	81	1371088896	0.000006	99.997996
없	81	1371088977	0.000006	99.998001
序	81	1371089058	0.000006	99.998007
过	81	1371089139	0.000006	99.998013
ú	80	1371089219	0.000006	99.998019
正	80	1371089299	0.000006	99.998025
화	79	1371089378	0.000006	99.998031
で	78	1371089456	0.000006	99.998036
事	78	1371089534	0.000006	99.998042
向	78	1371089612	0.000006	99.998048
出	78	1371089690	0.000006	99.998053
야	78	1371089768	0.000006	99.998059
前	77	1371089845	0.000006	99.998065
含	77	1371089922	0.000006	99.998070
同	77	1371089999	0.000006	99.998076
커	77	1371090076	0.000006	99.998082
함	77	1371090153	0.000006	99.998087
上	76	1371090229	0.000006	99.998093
ル	75	1371090304	0.000005	99.998098
多	75	1371090379	0.000005	99.998104
널	75	1371090454	0.000005	99.998109
작	75	1371090529	0.000005	99.998115
동	74	1371090603	0.000005	99.998120
읽	74	1371090677	0.000005	99.998125
포	74	1371090751	0.000005	99.998131
결	73	1371090824	0.000005	99.998136
든	73	1371090897	0.000005	99.998141
앞	73	1371090970	0.000005	99.998147
应	73	1371091043	0.000005	99.998152
像	73	1371091116	0.000005	99.998157
譯	73	1371091189	0.000005	99.998163
這	73	1371091262	0.000005	99.998168
节	72	1371091334	0.000005	99.998173
於	72	1371091406	0.000005	99.998179
완	71	1371091477	0.000005	99.998184
制	71	1371091548	0.000005	99.998189
并	71	1371091619	0.000005	99.998194
则	71	1371091690	0.000005	99.998199
特	70	1371091760	0.000005	99.998204
時	70	1371091830	0.000005	99.998209
助	70	1371091900	0.000005	99.998215
现	70	1371091970	0.000005	99.998220
設	69	1371092039	0.000005	99.998225
自	69	1371092108	0.000005	99.998230
间	69	1371092177	0.000005	99.998235
译	68	1371092245	0.000005	99.998240
リ	67	1371092312	0.000005	99.998245
관	67	1371092379	0.000005	99.998250
당	67	1371092446	0.000005	99.998254
建	67	1371092513	0.000005	99.998259
‘	66	1371092579	0.000005	99.998264
点	66	1371092645	0.000005	99.998269
か	65	1371092710	0.000005	99.998274
当	65	1371092775	0.000005	99.998278
런	65	1371092840	0.000005	99.998283
も	64	1371092904	0.000005	99.998288
架	64	1371092968	0.000005	99.998292
化	63	1371093031	0.000005	99.998297
码	63	1371093094	0.000005	99.998302
令	63	1371093157	0.000005	99.998306
¯	63	1371093220	0.000005	99.998311
相	62	1371093282	0.000005	99.998315
내	62	1371093344	0.000005	99.998320
락	62	1371093406	0.000005	99.998324
统	62	1371093468	0.000005	99.998329
ü	61	1371093529	0.000004	99.998333
最	61	1371093590	0.000004	99.998338
提	60	1371093650	0.000004	99.998342
域	60	1371093710	0.000004	99.998347
而	60	1371093770	0.000004	99.998351
さ	59	1371093829	0.000004	99.998355
直	59	1371093888	0.000004	99.998360
조	59	1371093947	0.000004	99.998364
경	59	1371094006	0.000004	99.998368
之	59	1371094065	0.000004	99.998372
类	59	1371094124	0.000004	99.998377
据	59	1371094183	0.000004	99.998381
┌	59	1371094242	0.000004	99.998385
情	58	1371094300	0.000004	99.998390
명	58	1371094358	0.000004	99.998394
型	58	1371094416	0.000004	99.998398
他	57	1371094473	0.000004	99.998402
실	57	1371094530	0.000004	99.998406
캐	57	1371094587	0.000004	99.998411
때	57	1371094644	0.000004	99.998415
都	57	1371094701	0.000004	99.998419
┘	57	1371094758	0.000004	99.998423
う	56	1371094814	0.000004	99.998427
템	56	1371094870	0.000004	99.998431
户	56	1371094926	0.000004	99.998435
参	56	1371094982	0.000004	99.998439
已	56	1371095038	0.000004	99.998443
²	55	1371095093	0.000004	99.998447
バ	55	1371095148	0.000004	99.998451
何	55	1371095203	0.000004	99.998455
初	55	1371095258	0.000004	99.998460
디	55	1371095313	0.000004	99.998464
영	55	1371095368	0.000004	99.998468
┐	55	1371095423	0.000004	99.998472
す	54	1371095477	0.000004	99.998475
あ	54	1371095531	0.000004	99.998479
ら	54	1371095585	0.000004	99.998483
非	54	1371095639	0.000004	99.998487
表	54	1371095693	0.000004	99.998491
번	54	1371095747	0.000004	99.998495
返	54	1371095801	0.000004	99.998499
對	54	1371095855	0.000004	99.998503
成	53	1371095908	0.000004	99.998507
供	53	1371095961	0.000004	99.998511
필	53	1371096014	0.000004	99.998515
请	53	1371096067	0.000004	99.998519
維	53	1371096120	0.000004	99.998522
碼	53	1371096173	0.000004	99.998526
間	52	1371096225	0.000004	99.998530
安	52	1371096277	0.000004	99.998534
능	52	1371096329	0.000004	99.998538
개	52	1371096381	0.000004	99.998541
값	52	1371096433	0.000004	99.998545
且	52	1371096485	0.000004	99.998549
分	51	1371096536	0.000004	99.998553
공	51	1371096587	0.000004	99.998556
됩	51	1371096638	0.000004	99.998560
備	51	1371096689	0.000004	99.998564
數	51	1371096740	0.000004	99.998568
須	51	1371096791	0.000004	99.998571
持	50	1371096841	0.000004	99.998575
護	50	1371096891	0.000004	99.998579
意	50	1371096941	0.000004	99.998582
但	50	1371096991	0.000004	99.998586
维	50	1371097041	0.000004	99.998590
护	50	1371097091	0.000004	99.998593
ド	49	1371097140	0.000004	99.998597
問	49	1371097189	0.000004	99.998600
생	49	1371097238	0.000004	99.998604
각	49	1371097287	0.000004	99.998607
任	49	1371097336	0.000004	99.998611
留	49	1371097385	0.000004	99.998615
后	49	1371097434	0.000004	99.998618
Б	49	1371097483	0.000004	99.998622
ю	49	1371097532	0.000004	99.998625
ц	49	1371097581	0.000004	99.998629
к	49	1371097630	0.000004	99.998633
й	49	1371097679	0.000004	99.998636
А	49	1371097728	0.000004	99.998640
р	49	1371097777	0.000004	99.998643
ё	49	1371097826	0.000004	99.998647
м	49	1371097875	0.000004	99.998650
過	48	1371097923	0.000004	99.998654
及	48	1371097971	0.000004	99.998657
属	48	1371098019	0.000004	99.998661
关	48	1371098067	0.000004	99.998664
傅	48	1371098115	0.000004	99.998668
將	48	1371098163	0.000004	99.998671
全	47	1371098210	0.000003	99.998675
構	47	1371098257	0.000003	99.998678
또	47	1371098304	0.000003	99.998682
块	47	1371098351	0.000003	99.998685
統	47	1371098398	0.000003	99.998689
ø	46	1371098444	0.000003	99.998692
タ	46	1371098490	0.000003	99.998695
信	46	1371098536	0.000003	99.998699
現	46	1371098582	0.000003	99.998702
加	46	1371098628	0.000003	99.998705
뒤	46	1371098674	0.000003	99.998709
就	46	1371098720	0.000003	99.998712
基	46	1371098766	0.000003	99.998715
請	46	1371098812	0.000003	99.998719
カ	45	1371098857	0.000003	99.998722
역	45	1371098902	0.000003	99.998725
零	45	1371098947	0.000003	99.998729
缓	45	1371098992	0.000003	99.998732
针	45	1371099037	0.000003	99.998735
應	45	1371099082	0.000003	99.998738
ネ	44	1371099126	0.000003	99.998742
題	44	1371099170	0.000003	99.998745
生	44	1371099214	0.000003	99.998748
来	44	1371099258	0.000003	99.998751
신	44	1371099302	0.000003	99.998754
프	44	1371099346	0.000003	99.998758
따	44	1371099390	0.000003	99.998761
반	44	1371099434	0.000003	99.998764
编	44	1371099478	0.000003	99.998767
档	44	1371099522	0.000003	99.998770
您	44	1371099566	0.000003	99.998774
想	43	1371099609	0.000003	99.998777
최	43	1371099652	0.000003	99.998780
只	43	1371099695	0.000003	99.998783
•	42	1371099737	0.000003	99.998786
Á	42	1371099779	0.000003	99.998789
ェ	42	1371099821	0.000003	99.998792
ラ	42	1371099863	0.000003	99.998795
よ	42	1371099905	0.000003	99.998798
重	42	1371099947	0.000003	99.998801
진	42	1371099989	0.000003	99.998805
히	42	1371100031	0.000003	99.998808
号	42	1371100073	0.000003	99.998811
选	42	1371100115	0.000003	99.998814
屬	42	1371100157	0.000003	99.998817
由	41	1371100198	0.000003	99.998820
け	41	1371100239	0.000003	99.998823
항	41	1371100280	0.000003	99.998826
더	41	1371100321	0.000003	99.998829
크	41	1371100362	0.000003	99.998832
处	41	1371100403	0.000003	99.998835
因	41	1371100444	0.000003	99.998838
每	41	1371100485	0.000003	99.998841
支	41	1371100526	0.000003	99.998844
控	41	1371100567	0.000003	99.998847
會	41	1371100608	0.000003	99.998850
フ	40	1371100648	0.000003	99.998853
く	40	1371100688	0.000003	99.998856
動	40	1371100728	0.000003	99.998858
起	40	1371100768	0.000003	99.998861
원	40	1371100808	0.000003	99.998864
향	40	1371100848	0.000003	99.998867
료	40	1371100888	0.000003	99.998870
檔	40	1371100928	0.000003	99.998873
原	39	1371100967	0.000003	99.998876
り	39	1371101006	0.000003	99.998879
っ	39	1371101045	0.000003	99.998882
발	39	1371101084	0.000003	99.998884
容	39	1371101123	0.000003	99.998887
致	39	1371101162	0.000003	99.998890
體	39	1371101201	0.000003	99.998893
−	38	1371101239	0.000003	99.998896
テ	38	1371101277	0.000003	99.998898
안	38	1371101315	0.000003	99.998901
컨	38	1371101353	0.000003	99.998904
호	38	1371101391	0.000003	99.998907
페	38	1371101429	0.000003	99.998910
±	37	1371101466	0.000003	99.998912
部	37	1371101503	0.000003	99.998915
移	37	1371101540	0.000003	99.998918
간	37	1371101577	0.000003	99.998920
특	37	1371101614	0.000003	99.998923
合	36	1371101650	0.000003	99.998926
改	36	1371101686	0.000003	99.998928
떤	36	1371101722	0.000003	99.998931
롤	36	1371101758	0.000003	99.998934
중	36	1371101794	0.000003	99.998936
거	36	1371101830	0.000003	99.998939
처	36	1371101866	0.000003	99.998941
执	36	1371101902	0.000003	99.998944
某	36	1371101938	0.000003	99.998947
未	36	1371101974	0.000003	99.998949
字	36	1371102010	0.000003	99.998952
册	36	1371102046	0.000003	99.998955
ß	36	1371102082	0.000003	99.998957
×	35	1371102117	0.000003	99.998960
そ	35	1371102152	0.000003	99.998962
ま	35	1371102187	0.000003	99.998965
解	35	1371102222	0.000003	99.998967
선	35	1371102257	0.000003	99.998970
키	35	1371102292	0.000003	99.998973
럽	35	1371102327	0.000003	99.998975
건	35	1371102362	0.000003	99.998978
유	35	1371102397	0.000003	99.998980
체	35	1371102432	0.000003	99.998983
录	35	1371102467	0.000003	99.998985
默	35	1371102502	0.000003	99.998988
况	35	1371102537	0.000003	99.998990
英	35	1371102572	0.000003	99.998993
調	35	1371102607	0.000003	99.998995
┬	35	1371102642	0.000003	99.998998
つ	34	1371102676	0.000002	99.999001
開	34	1371102710	0.000002	99.999003
述	34	1371102744	0.000002	99.999005
口	34	1371102778	0.000002	99.999008
비	34	1371102812	0.000002	99.999010
问	34	1371102846	0.000002	99.999013
功	34	1371102880	0.000002	99.999015
完	34	1371102914	0.000002	99.999018
來	34	1371102948	0.000002	99.999020
實	34	1371102982	0.000002	99.999023
並	34	1371103016	0.000002	99.999025
得	33	1371103049	0.000002	99.999028
取	33	1371103082	0.000002	99.999030
눅	33	1371103115	0.000002	99.999033
며	33	1371103148	0.000002	99.999035
무	33	1371103181	0.000002	99.999037
럭	33	1371103214	0.000002	99.999040
从	33	1371103247	0.000002	99.999042
与	33	1371103280	0.000002	99.999045
量	33	1371103313	0.000002	99.999047
导	33	1371103346	0.000002	99.999049
息	33	1371103379	0.000002	99.999052
戶	33	1371103412	0.000002	99.999054
き	32	1371103444	0.000002	99.999057
考	32	1371103476	0.000002	99.999059
期	32	1371103508	0.000002	99.999061
저	32	1371103540	0.000002	99.999064
겁	32	1371103572	0.000002	99.999066
참	32	1371103604	0.000002	99.999068
알	32	1371103636	0.000002	99.999071
약	32	1371103668	0.000002	99.999073
该	32	1371103700	0.000002	99.999075
开	32	1371103732	0.000002	99.999078
计	32	1371103764	0.000002	99.999080
交	32	1371103796	0.000002	99.999082
當	32	1371103828	0.000002	99.999085
錄	32	1371103860	0.000002	99.999087
추	31	1371103891	0.000002	99.999089
맞	31	1371103922	0.000002	99.999091
태	31	1371103953	0.000002	99.999094
째	31	1371103984	0.000002	99.999096
义	31	1371104015	0.000002	99.999098
硬	31	1371104046	0.000002	99.999100
创	31	1371104077	0.000002	99.999103
频	31	1371104108	0.000002	99.999105
ュ	30	1371104138	0.000002	99.999107
受	30	1371104168	0.000002	99.999109
則	30	1371104198	0.000002	99.999112
많	30	1371104228	0.000002	99.999114
질	30	1371104258	0.000002	99.999116
업	30	1371104288	0.000002	99.999118
마	30	1371104318	0.000002	99.999120
록	30	1371104348	0.000002	99.999122
범	30	1371104378	0.000002	99.999125
求	30	1371104408	0.000002	99.999127
启	30	1371104438	0.000002	99.999129
视	30	1371104468	0.000002	99.999131
ε	30	1371104498	0.000002	99.999133
然	29	1371104527	0.000002	99.999136
類	29	1371104556	0.000002	99.999138
쳐	29	1371104585	0.000002	99.999140
们	29	1371104614	0.000002	99.999142
项	29	1371104643	0.000002	99.999144
整	29	1371104672	0.000002	99.999146
框	29	1371104701	0.000002	99.999148
否	29	1371104730	0.000002	99.999150
联	29	1371104759	0.000002	99.999152
局	29	1371104788	0.000002	99.999155
導	29	1371104817	0.000002	99.999157
ë	29	1371104846	0.000002	99.999159
ç	28	1371104874	0.000002	99.999161
周	28	1371104902	0.000002	99.999163
義	28	1371104930	0.000002	99.999165
ッ	28	1371104958	0.000002	99.999167
高	28	1371104986	0.000002	99.999169
말	28	1371105014	0.000002	99.999171
종	28	1371105042	0.000002	99.999173
효	28	1371105070	0.000002	99.999175
속	28	1371105098	0.000002	99.999177
丁	28	1371105126	0.000002	99.999179
跳	28	1371105154	0.000002	99.999181
次	28	1371105182	0.000002	99.999183
編	28	1371105210	0.000002	99.999185
節	28	1371105238	0.000002	99.999187
項	28	1371105266	0.000002	99.999189
選	28	1371105294	0.000002	99.999191
琰	27	1371105321	0.000002	99.999193
杰	27	1371105348	0.000002	99.999195
校	27	1371105375	0.000002	99.999197
緩	27	1371105402	0.000002	99.999199
구	27	1371105429	0.000002	99.999201
타	27	1371105456	0.000002	99.999203
계	27	1371105483	0.000002	99.999205
통	27	1371105510	0.000002	99.999207
无	27	1371105537	0.000002	99.999209
拟	27	1371105564	0.000002	99.999211
载	27	1371105591	0.000002	99.999213
级	27	1371105618	0.000002	99.999215
炜	27	1371105645	0.000002	99.999217
辅	27	1371105672	0.000002	99.999219
冲	27	1371105699	0.000002	99.999221
仅	27	1371105726	0.000002	99.999223
處	27	1371105753	0.000002	99.999225
擬	27	1371105780	0.000002	99.999227
変	26	1371105806	0.000002	99.999229
装	26	1371105832	0.000002	99.999231
結	26	1371105858	0.000002	99.999233
텍	26	1371105884	0.000002	99.999234
방	26	1371105910	0.000002	99.999236
미	26	1371105936	0.000002	99.999238
发	26	1371105962	0.000002	99.999240
據	26	1371105988	0.000002	99.999242
寫	26	1371106014	0.000002	99.999244
參	26	1371106040	0.000002	99.999246
だ	25	1371106065	0.000002	99.999248
修	25	1371106090	0.000002	99.999250
매	25	1371106115	0.000002	99.999251
래	25	1371106140	0.000002	99.999253
벤	25	1371106165	0.000002	99.999255
补	25	1371106190	0.000002	99.999257
进	25	1371106215	0.000002	99.999259
那	25	1371106240	0.000002	99.999260
工	25	1371106265	0.000002	99.999262
标	25	1371106290	0.000002	99.999264
流	25	1371106315	0.000002	99.999266
区	25	1371106340	0.000002	99.999268
索	25	1371106365	0.000002	99.999270
象	25	1371106390	0.000002	99.999271
锁	25	1371106415	0.000002	99.999273
裝	25	1371106440	0.000002	99.999275
執	25	1371106465	0.000002	99.999277
補	25	1371106490	0.000002	99.999279
∆	25	1371106515	0.000002	99.999281
μ	24	1371106539	0.000002	99.999282
明	24	1371106563	0.000002	99.999284
メ	24	1371106587	0.000002	99.999286
パ	24	1371106611	0.000002	99.999288
異	24	1371106635	0.000002	99.999289
面	24	1371106659	0.000002	99.999291
절	24	1371106683	0.000002	99.999293
섹	24	1371106707	0.000002	99.999295
었	24	1371106731	0.000002	99.999296
写	24	1371106755	0.000002	99.999298
源	24	1371106779	0.000002	99.999300
种	24	1371106803	0.000002	99.999302
增	24	1371106827	0.000002	99.999303
传	24	1371106851	0.000002	99.999305
寄	24	1371106875	0.000002	99.999307
端	24	1371106899	0.000002	99.999309
ト	23	1371106922	0.000002	99.999310
後	23	1371106945	0.000002	99.999312
ビ	23	1371106968	0.000002	99.999314
ィ	23	1371106991	0.000002	99.999315
状	23	1371107014	0.000002	99.999317
チ	23	1371107037	0.000002	99.999319
発	23	1371107060	0.000002	99.999320
名	23	1371107083	0.000002	99.999322
짝	23	1371107106	0.000002	99.999324
퀀	23	1371107129	0.000002	99.999325
측	23	1371107152	0.000002	99.999327
접	23	1371107175	0.000002	99.999329
후	23	1371107198	0.000002	99.999330
현	23	1371107221	0.000002	99.999332
题	23	1371107244	0.000002	99.999334
换	23	1371107267	0.000002	99.999335
确	23	1371107290	0.000002	99.999337
转	23	1371107313	0.000002	99.999339
认	23	1371107336	0.000002	99.999340
射	23	1371107359	0.000002	99.999342
聯	23	1371107382	0.000002	99.999344
讀	23	1371107405	0.000002	99.999345
轉	23	1371107428	0.000002	99.999347
除	22	1371107450	0.000002	99.999349
没	22	1371107472	0.000002	99.999350
找	22	1371107494	0.000002	99.999352
变	22	1371107516	0.000002	99.999354
获	22	1371107538	0.000002	99.999355
第	22	1371107560	0.000002	99.999357
列	22	1371107582	0.000002	99.999358
描	22	1371107604	0.000002	99.999360
救	22	1371107626	0.000002	99.999362
总	22	1371107648	0.000002	99.999363
關	22	1371107670	0.000002	99.999365
級	22	1371107692	0.000002	99.999366
®	21	1371107713	0.000002	99.999368
シ	21	1371107734	0.000002	99.999369
私	21	1371107755	0.000002	99.999371
該	21	1371107776	0.000002	99.999372
外	21	1371107797	0.000002	99.999374
루	21	1371107818	0.000002	99.999376
려	21	1371107839	0.000002	99.999377
했	21	1371107860	0.000002	99.999379
单	21	1371107881	0.000002	99.999380
管	21	1371107902	0.000002	99.999382
—	21	1371107923	0.000002	99.999383
查	21	1371107944	0.000002	99.999385
线	21	1371107965	0.000002	99.999386
發	21	1371107986	0.000002	99.999388
載	21	1371108007	0.000002	99.999389
點	21	1371108028	0.000002	99.999391
煒	21	1371108049	0.000002	99.999392
·	20	1371108069	0.000001	99.999394
ク	20	1371108089	0.000001	99.999395
困	20	1371108109	0.000001	99.999397
運	20	1371108129	0.000001	99.999398
렇	20	1371108149	0.000001	99.999400
봅	20	1371108169	0.000001	99.999401
운	20	1371108189	0.000001	99.999403
청	20	1371108209	0.000001	99.999404
연	20	1371108229	0.000001	99.999406
럼	20	1371108249	0.000001	99.999407
读	20	1371108269	0.000001	99.999408
虚	20	1371108289	0.000001	99.999410
运	20	1371108309	0.000001	99.999411
机	20	1371108329	0.000001	99.999413
止	20	1371108349	0.000001	99.999414
句	20	1371108369	0.000001	99.999416
态	20	1371108389	0.000001	99.999417
措	20	1371108409	0.000001	99.999419
施	20	1371108429	0.000001	99.999420
虛	20	1371108449	0.000001	99.999422
換	20	1371108469	0.000001	99.999423
啓	20	1371108489	0.000001	99.999424
區	20	1371108509	0.000001	99.999426
è	20	1371108529	0.000001	99.999427
◦	20	1371108549	0.000001	99.999429
ô	19	1371108568	0.000001	99.999430
プ	19	1371108587	0.000001	99.999432
レ	19	1371108606	0.000001	99.999433
ば	19	1371108625	0.000001	99.999434
ど	19	1371108644	0.000001	99.999436
知	19	1371108663	0.000001	99.999437
少	19	1371108682	0.000001	99.999439
等	19	1371108701	0.000001	99.999440
류	19	1371108720	0.000001	99.999441
외	19	1371108739	0.000001	99.999443
갖	19	1371108758	0.000001	99.999444
放	19	1371108777	0.000001	99.999445
销	19	1371108796	0.000001	99.999447
递	19	1371108815	0.000001	99.999448
给	19	1371108834	0.000001	99.999450
繫	19	1371108853	0.000001	99.999451
┴	19	1371108872	0.000001	99.999452
ナ	18	1371108890	0.000001	99.999454
ョ	18	1371108908	0.000001	99.999455
デ	18	1371108926	0.000001	99.999456
手	18	1371108944	0.000001	99.999458
無	18	1371108962	0.000001	99.999459
집	18	1371108980	0.000001	99.999460
못	18	1371108998	0.000001	99.999462
르	18	1371109016	0.000001	99.999463
근	18	1371109034	0.000001	99.999464
설	18	1371109052	0.000001	99.999466
므	18	1371109070	0.000001	99.999467
브	18	1371109088	0.000001	99.999468
很	18	1371109106	0.000001	99.999469
己	18	1371109124	0.000001	99.999471
组	18	1371109142	0.000001	99.999472
树	18	1371109160	0.000001	99.999473
似	18	1371109178	0.000001	99.999475
先	18	1371109196	0.000001	99.999476
根	18	1371109214	0.000001	99.999477
适	18	1371109232	0.000001	99.999479
两	18	1371109250	0.000001	99.999480
清	18	1371109268	0.000001	99.999481
柄	18	1371109286	0.000001	99.999483
繁	18	1371109304	0.000001	99.999484
況	18	1371109322	0.000001	99.999485
樹	18	1371109340	0.000001	99.999487
僅	18	1371109358	0.000001	99.999488
コ	17	1371109375	0.000001	99.999489
好	17	1371109392	0.000001	99.999490
進	17	1371109409	0.000001	99.999492
認	17	1371109426	0.000001	99.999493
립	17	1371109443	0.000001	99.999494
점	17	1371109460	0.000001	99.999495
랍	17	1371109477	0.000001	99.999497
올	17	1371109494	0.000001	99.999498
법	17	1371109511	0.000001	99.999499
릴	17	1371109528	0.000001	99.999500
턴	17	1371109545	0.000001	99.999502
깨	17	1371109562	0.000001	99.999503
记	17	1371109579	0.000001	99.999504
输	17	1371109596	0.000001	99.999505
禁	17	1371109613	0.000001	99.999506
测	17	1371109630	0.000001	99.999508
號	17	1371109647	0.000001	99.999509
日	16	1371109663	0.000001	99.999510
ん	16	1371109679	0.000001	99.999511
め	16	1371109695	0.000001	99.999512
論	16	1371109711	0.000001	99.999514
具	16	1371109727	0.000001	99.999515
양	16	1371109743	0.000001	99.999516
식	16	1371109759	0.000001	99.999517
언	16	1371109775	0.000001	99.999518
램	16	1371109791	0.000001	99.999519
단	16	1371109807	0.000001	99.999521
져	16	1371109823	0.000001	99.999522
먼	16	1371109839	0.000001	99.999523
阅	16	1371109855	0.000001	99.999524
软	16	1371109871	0.000001	99.999525
若	16	1371109887	0.000001	99.999526
效	16	1371109903	0.000001	99.999528
偏	16	1371109919	0.000001	99.999529
示	16	1371109935	0.000001	99.999530
图	16	1371109951	0.000001	99.999531
從	16	1371109967	0.000001	99.999532
標	16	1371109983	0.000001	99.999533
軟	16	1371109999	0.000001	99.999535
輔	16	1371110015	0.000001	99.999536
┤	16	1371110031	0.000001	99.999537
Ü	15	1371110046	0.000001	99.999538
É	15	1371110061	0.000001	99.999539
話	15	1371110076	0.000001	99.999540
ア	15	1371110091	0.000001	99.999541
グ	15	1371110106	0.000001	99.999542
ム	15	1371110121	0.000001	99.999544
わ	15	1371110136	0.000001	99.999545
物	15	1371110151	0.000001	99.999546
依	15	1371110166	0.000001	99.999547
身	15	1371110181	0.000001	99.999548
キ	15	1371110196	0.000001	99.999549
種	15	1371110211	0.000001	99.999550
記	15	1371110226	0.000001	99.999551
날	15	1371110241	0.000001	99.999552
켜	15	1371110256	0.000001	99.999553
티	15	1371110271	0.000001	99.999554
직	15	1371110286	0.000001	99.999556
달	15	1371110301	0.000001	99.999557
ñ	15	1371110316	0.000001	99.999558
释	15	1371110331	0.000001	99.999559
做	15	1371110346	0.000001	99.999560
许	15	1371110361	0.000001	99.999561
样	15	1371110376	0.000001	99.999562
至	15	1371110391	0.000001	99.999563
页	15	1371110406	0.000001	99.999564
；	15	1371110421	0.000001	99.999565
尽	15	1371110436	0.000001	99.999566
主	15	1371110451	0.000001	99.999568
错	15	1371110466	0.000001	99.999569
命	15	1371110481	0.000001	99.999570
检	15	1371110496	0.000001	99.999571
论	15	1371110511	0.000001	99.999572
早	15	1371110526	0.000001	99.999573
與	15	1371110541	0.000001	99.999574
頁	15	1371110556	0.000001	99.999575
塊	15	1371110571	0.000001	99.999576
î	15	1371110586	0.000001	99.999577
ロ	14	1371110600	0.000001	99.999578
「	14	1371110614	0.000001	99.999579
」	14	1371110628	0.000001	99.999580
確	14	1371110642	0.000001	99.999582
算	14	1371110656	0.000001	99.999583
失	14	1371110670	0.000001	99.999584
計	14	1371110684	0.000001	99.999585
限	14	1371110698	0.000001	99.999586
규	14	1371110712	0.000001	99.999587
告	14	1371110726	0.000001	99.999588
证	14	1371110740	0.000001	99.999589
打	14	1371110754	0.000001	99.999590
误	14	1371110768	0.000001	99.999591
段	14	1371110782	0.000001	99.999592
异	14	1371110796	0.000001	99.999593
简	14	1371110810	0.000001	99.999594
淘	14	1371110824	0.000001	99.999595
汰	14	1371110838	0.000001	99.999596
瑕	14	1371110852	0.000001	99.999597
疵	14	1371110866	0.000001	99.999598
层	14	1371110880	0.000001	99.999599
單	14	1371110894	0.000001	99.999600
┼	14	1371110908	0.000001	99.999601
℃	14	1371110922	0.000001	99.999602
ジ	13	1371110935	0.000001	99.999603
ツ	13	1371110948	0.000001	99.999604
布	13	1371110961	0.000001	99.999605
サ	13	1371110974	0.000001	99.999606
避	13	1371110987	0.000001	99.999607
글	13	1371111000	0.000001	99.999608
람	13	1371111013	0.000001	99.999609
델	13	1371111026	0.000001	99.999610
머	13	1371111039	0.000001	99.999610
끼	13	1371111052	0.000001	99.999611
강	13	1371111065	0.000001	99.999612
첫	13	1371111078	0.000001	99.999613
심	13	1371111091	0.000001	99.999614
까	13	1371111104	0.000001	99.999615
칙	13	1371111117	0.000001	99.999616
줄	13	1371111130	0.000001	99.999617
¿	13	1371111143	0.000001	99.999618
见	13	1371111156	0.000001	99.999619
准	13	1371111169	0.000001	99.999620
符	13	1371111182	0.000001	99.999621
收	13	1371111195	0.000001	99.999622
父	13	1371111208	0.000001	99.999623
胡	13	1371111221	0.000001	99.999624
皓	13	1371111234	0.000001	99.999625
們	13	1371111247	0.000001	99.999626
輸	13	1371111260	0.000001	99.999627
創	13	1371111273	0.000001	99.999628
‑	12	1371111285	0.000001	99.999628
å	12	1371111297	0.000001	99.999629
訳	12	1371111309	0.000001	99.999630
書	12	1371111321	0.000001	99.999631
関	12	1371111333	0.000001	99.999632
態	12	1371111345	0.000001	99.999633
見	12	1371111357	0.000001	99.999634
比	12	1371111369	0.000001	99.999635
불	12	1371111381	0.000001	99.999635
련	12	1371111393	0.000001	99.999636
견	12	1371111405	0.000001	99.999637
활	12	1371111417	0.000001	99.999638
묵	12	1371111429	0.000001	99.999639
별	12	1371111441	0.000001	99.999640
걸	12	1371111453	0.000001	99.999641
춰	12	1371111465	0.000001	99.999642
황	12	1371111477	0.000001	99.999642
막	12	1371111489	0.000001	99.999643
잠	12	1371111501	0.000001	99.999644
头	12	1371111513	0.000001	99.999645
共	12	1371111525	0.000001	99.999646
复	12	1371111537	0.000001	99.999647
植	12	1371111549	0.000001	99.999648
份	12	1371111561	0.000001	99.999649
择	12	1371111573	0.000001	99.999649
试	12	1371111585	0.000001	99.999650
陷	12	1371111597	0.000001	99.999651
推	12	1371111609	0.000001	99.999652
断	12	1371111621	0.000001	99.999653
插	12	1371111633	0.000001	99.999654
产	12	1371111645	0.000001	99.999655
途	12	1371111657	0.000001	99.999656
嵌	12	1371111669	0.000001	99.999656
媒	12	1371111681	0.000001	99.999657
斷	12	1371111693	0.000001	99.999658
衝	12	1371111705	0.000001	99.999659
→	12	1371111717	0.000001	99.999660
…	11	1371111728	0.000001	99.999661
セ	11	1371111739	0.000001	99.999662
各	11	1371111750	0.000001	99.999662
難	11	1371111761	0.000001	99.999663
影	11	1371111772	0.000001	99.999664
넣	11	1371111783	0.000001	99.999665
랜	11	1371111794	0.000001	99.999666
싱	11	1371111805	0.000001	99.999666
난	11	1371111816	0.000001	99.999667
초	11	1371111827	0.000001	99.999668
졌	11	1371111838	0.000001	99.999669
Ó	11	1371111849	0.000001	99.999670
享	11	1371111860	0.000001	99.999670
格	11	1371111871	0.000001	99.999671
难	11	1371111882	0.000001	99.999672
话	11	1371111893	0.000001	99.999673
探	11	1371111904	0.000001	99.999674
缺	11	1371111915	0.000001	99.999674
着	11	1371111926	0.000001	99.999675
假	11	1371111937	0.000001	99.999676
带	11	1371111948	0.000001	99.999677
桥	11	1371111959	0.000001	99.999678
兩	11	1371111970	0.000001	99.999678
閱	11	1371111981	0.000001	99.999679
儘	11	1371111992	0.000001	99.999680
帶	11	1371112003	0.000001	99.999681
ž	11	1371112014	0.000001	99.999682
今	10	1371112024	0.000001	99.999682
ソ	10	1371112034	0.000001	99.999683
度	10	1371112044	0.000001	99.999684
達	10	1371112054	0.000001	99.999684
防	10	1371112064	0.000001	99.999685
給	10	1371112074	0.000001	99.999686
機	10	1371112084	0.000001	99.999687
았	10	1371112094	0.000001	99.999687
잘	10	1371112104	0.000001	99.999688
믹	10	1371112114	0.000001	99.999689
환	10	1371112124	0.000001	99.999690
킬	10	1371112134	0.000001	99.999690
슷	10	1371112144	0.000001	99.999691
핑	10	1371112154	0.000001	99.999692
즉	10	1371112164	0.000001	99.999693
령	10	1371112174	0.000001	99.999693
잡	10	1371112184	0.000001	99.999694
형	10	1371112194	0.000001	99.999695
얻	10	1371112204	0.000001	99.999695
던	10	1371112214	0.000001	99.999696
링	10	1371112224	0.000001	99.999697
패	10	1371112234	0.000001	99.999698
출	10	1371112244	0.000001	99.999698
¡	10	1371112254	0.000001	99.999699
详	10	1371112264	0.000001	99.999700
升	10	1371112274	0.000001	99.999701
替	10	1371112284	0.000001	99.999701
还	10	1371112294	0.000001	99.999702
链	10	1371112304	0.000001	99.999703
利	10	1371112314	0.000001	99.999703
免	10	1371112324	0.000001	99.999704
闲	10	1371112334	0.000001	99.999705
别	10	1371112344	0.000001	99.999706
束	10	1371112354	0.000001	99.999706
片	10	1371112364	0.000001	99.999707
略	10	1371112374	0.000001	99.999708
让	10	1371112384	0.000001	99.999709
填	10	1371112394	0.000001	99.999709
驅	10	1371112404	0.000001	99.999710
傳	10	1371112414	0.000001	99.999711
適	10	1371112424	0.000001	99.999711
佈	10	1371112434	0.000001	99.999712
§	10	1371112444	0.000001	99.999713
≤	10	1371112454	0.000001	99.999714
￼	10	1371112464	0.000001	99.999714
α	10	1371112474	0.000001	99.999715
š	9	1371112483	0.000001	99.999716
ı	9	1371112492	0.000001	99.999716
え	9	1371112501	0.000001	99.999717
実	9	1371112510	0.000001	99.999718
ろ	9	1371112519	0.000001	99.999718
オ	9	1371112528	0.000001	99.999719
ず	9	1371112537	0.000001	99.999720
二	9	1371112546	0.000001	99.999720
言	9	1371112555	0.000001	99.999721
規	9	1371112564	0.000001	99.999722
送	9	1371112573	0.000001	99.999722
애	9	1371112582	0.000001	99.999723
혀	9	1371112591	0.000001	99.999724
느	9	1371112600	0.000001	99.999724
렬	9	1371112609	0.000001	99.999725
겠	9	1371112618	0.000001	99.999726
范	9	1371112627	0.000001	99.999726
易	9	1371112636	0.000001	99.999727
般	9	1371112645	0.000001	99.999728
说	9	1371112654	0.000001	99.999728
较	9	1371112663	0.000001	99.999729
望	9	1371112672	0.000001	99.999730
即	9	1371112681	0.000001	99.999730
混	9	1371112690	0.000001	99.999731
唯	9	1371112699	0.000001	99.999732
评	9	1371112708	0.000001	99.999732
屏	9	1371112717	0.000001	99.999733
忽	9	1371112726	0.000001	99.999734
帧	9	1371112735	0.000001	99.999734
評	9	1371112744	0.000001	99.999735
沒	9	1371112753	0.000001	99.999735
變	9	1371112762	0.000001	99.999736
遞	9	1371112771	0.000001	99.999737
層	9	1371112780	0.000001	99.999737
≈	9	1371112789	0.000001	99.999738
™	8	1371112797	0.000001	99.999739
Ω	8	1371112805	0.000001	99.999739
´	8	1371112813	0.000001	99.999740
¸	8	1371112821	0.000001	99.999740
˙	8	1371112829	0.000001	99.999741
ち	8	1371112837	0.000001	99.999742
際	8	1371112845	0.000001	99.999742
場	8	1371112853	0.000001	99.999743
心	8	1371112861	0.000001	99.999743
？	8	1371112869	0.000001	99.999744
味	8	1371112877	0.000001	99.999745
速	8	1371112885	0.000001	99.999745
再	8	1371112893	0.000001	99.999746
簡	8	1371112901	0.000001	99.999746
申	8	1371112909	0.000001	99.999747
細	8	1371112917	0.000001	99.999747
反	8	1371112925	0.000001	99.999748
차	8	1371112933	0.000001	99.999749
웨	8	1371112941	0.000001	99.999749
목	8	1371112949	0.000001	99.999750
길	8	1371112957	0.000001	99.999750
몇	8	1371112965	0.000001	99.999751
표	8	1371112973	0.000001	99.999752
줍	8	1371112981	0.000001	99.999752
억	8	1371112989	0.000001	99.999753
림	8	1371112997	0.000001	99.999753
임	8	1371113005	0.000001	99.999754
새	8	1371113013	0.000001	99.999754
확	8	1371113021	0.000001	99.999755
택	8	1371113029	0.000001	99.999756
증	8	1371113037	0.000001	99.999756
너	8	1371113045	0.000001	99.999757
핀	8	1371113053	0.000001	99.999757
队	8	1371113061	0.000001	99.999758
兼	8	1371113069	0.000001	99.999759
括	8	1371113077	0.000001	99.999759
真	8	1371113085	0.000001	99.999760
籍	8	1371113093	0.000001	99.999760
我	8	1371113101	0.000001	99.999761
希	8	1371113109	0.000001	99.999761
经	8	1371113117	0.000001	99.999762
低	8	1371113125	0.000001	99.999763
添	8	1371113133	0.000001	99.999763
压	8	1371113141	0.000001	99.999764
闭	8	1371113149	0.000001	99.999764
访	8	1371113157	0.000001	99.999765
率	8	1371113165	0.000001	99.999766
集	8	1371113173	0.000001	99.999766
篡	8	1371113181	0.000001	99.999767
芯	8	1371113189	0.000001	99.999767
充	8	1371113197	0.000001	99.999768
總	8	1371113205	0.000001	99.999768
註	8	1371113213	0.000001	99.999769
誤	8	1371113221	0.000001	99.999770
壓	8	1371113229	0.000001	99.999770
檢	8	1371113237	0.000001	99.999771
狀	8	1371113245	0.000001	99.999771
針	8	1371113253	0.000001	99.999772
←	8	1371113261	0.000001	99.999773
à	8	1371113269	0.000001	99.999773
秒	8	1371113277	0.000001	99.999774
\x7F	8	1371113285	0.000001	99.999774
ほ	7	1371113292	0.000001	99.999775
固	7	1371113299	0.000001	99.999775
議	7	1371113306	0.000001	99.999776
技	7	1371113313	0.000001	99.999776
や	7	1371113320	0.000001	99.999777
造	7	1371113327	0.000001	99.999777
範	7	1371113334	0.000001	99.999778
モ	7	1371113341	0.000001	99.999778
続	7	1371113348	0.000001	99.999779
連	7	1371113355	0.000001	99.999779
消	7	1371113362	0.000001	99.999780
許	7	1371113369	0.000001	99.999780
既	7	1371113376	0.000001	99.999781
詳	7	1371113383	0.000001	99.999781
충	7	1371113390	0.000001	99.999782
란	7	1371113397	0.000001	99.999782
께	7	1371113404	0.000001	99.999783
엇	7	1371113411	0.000001	99.999783
엔	7	1371113418	0.000001	99.999784
병	7	1371113425	0.000001	99.999784
십	7	1371113432	0.000001	99.999785
력	7	1371113439	0.000001	99.999786
컬	7	1371113446	0.000001	99.999786
득	7	1371113453	0.000001	99.999787
볼	7	1371113460	0.000001	99.999787
채	7	1371113467	0.000001	99.999788
둘	7	1371113474	0.000001	99.999788
판	7	1371113481	0.000001	99.999789
빌	7	1371113488	0.000001	99.999789
细	7	1371113495	0.000001	99.999790
么	7	1371113502	0.000001	99.999790
规	7	1371113509	0.000001	99.999791
按	7	1371113516	0.000001	99.999791
普	7	1371113523	0.000001	99.999792
！	7	1371113530	0.000001	99.999792
删	7	1371113537	0.000001	99.999793
另	7	1371113544	0.000001	99.999793
预	7	1371113551	0.000001	99.999794
强	7	1371113558	0.000001	99.999794
际	7	1371113565	0.000001	99.999795
警	7	1371113572	0.000001	99.999795
才	7	1371113579	0.000001	99.999796
障	7	1371113586	0.000001	99.999796
弃	7	1371113593	0.000001	99.999797
允	7	1371113600	0.000001	99.999797
跟	7	1371113607	0.000001	99.999798
订	7	1371113614	0.000001	99.999798
候	7	1371113621	0.000001	99.999799
退	7	1371113628	0.000001	99.999799
線	7	1371113635	0.000001	99.999800
麼	7	1371113642	0.000001	99.999800
頭	7	1371113649	0.000001	99.999801
證	7	1371113656	0.000001	99.999801
說	7	1371113663	0.000001	99.999802
試	7	1371113670	0.000001	99.999802
º	7	1371113677	0.000001	99.999803
ò	7	1371113684	0.000001	99.999803
↑	7	1371113691	0.000001	99.999804
ϥ	7	1371113698	0.000001	99.999804
æ	7	1371113705	0.000001	99.999805
ï	7	1371113712	0.000001	99.999805
∈	7	1371113719	0.000001	99.999806
ć	6	1371113725	0.000000	99.999806
ř	6	1371113731	0.000000	99.999807
Ł	6	1371113737	0.000000	99.999807
べ	6	1371113743	0.000000	99.999808
み	6	1371113749	0.000000	99.999808
強	6	1371113755	0.000000	99.999809
ペ	6	1371113761	0.000000	99.999809
公	6	1371113767	0.000000	99.999809
お	6	1371113773	0.000000	99.999810
追	6	1371113779	0.000000	99.999810
破	6	1371113785	0.000000	99.999811
員	6	1371113791	0.000000	99.999811
響	6	1371113797	0.000000	99.999812
벽	6	1371113803	0.000000	99.999812
떻	6	1371113809	0.000000	99.999812
본	6	1371113815	0.000000	99.999813
카	6	1371113821	0.000000	99.999813
놓	6	1371113827	0.000000	99.999814
써	6	1371113833	0.000000	99.999814
준	6	1371113839	0.000000	99.999815
넘	6	1371113845	0.000000	99.999815
깥	6	1371113851	0.000000	99.999816
긴	6	1371113857	0.000000	99.999816
감	6	1371113863	0.000000	99.999816
핸	6	1371113869	0.000000	99.999817
받	6	1371113875	0.000000	99.999817
윈	6	1371113881	0.000000	99.999818
什	6	1371113887	0.000000	99.999818
网	6	1371113893	0.000000	99.999819
客	6	1371113899	0.000000	99.999819
帮	6	1371113905	0.000000	99.999819
库	6	1371113911	0.000000	99.999820
【	6	1371113917	0.000000	99.999820
】	6	1371113923	0.000000	99.999821
败	6	1371113929	0.000000	99.999821
赖	6	1371113935	0.000000	99.999822
踪	6	1371113941	0.000000	99.999822
菜	6	1371113947	0.000000	99.999823
平	6	1371113953	0.000000	99.999823
甚	6	1371113959	0.000000	99.999823
优	6	1371113965	0.000000	99.999824
声	6	1371113971	0.000000	99.999824
长	6	1371113977	0.000000	99.999825
年	6	1371113983	0.000000	99.999825
月	6	1371113989	0.000000	99.999826
齐	6	1371113995	0.000000	99.999826
殊	6	1371114001	0.000000	99.999826
荐	6	1371114007	0.000000	99.999827
独	6	1371114013	0.000000	99.999827
勘	6	1371114019	0.000000	99.999828
介	6	1371114025	0.000000	99.999828
宏	6	1371114031	0.000000	99.999829
遍	6	1371114037	0.000000	99.999829
道	6	1371114043	0.000000	99.999830
音	6	1371114049	0.000000	99.999830
净	6	1371114055	0.000000	99.999830
荷	6	1371114061	0.000000	99.999831
腳	6	1371114067	0.000000	99.999831
組	6	1371114073	0.000000	99.999832
庫	6	1371114079	0.000000	99.999832
錯	6	1371114085	0.000000	99.999833
測	6	1371114091	0.000000	99.999833
準	6	1371114097	0.000000	99.999833
聲	6	1371114103	0.000000	99.999834
齊	6	1371114109	0.000000	99.999834
Ä	6	1371114115	0.000000	99.999835
Ö	6	1371114121	0.000000	99.999835
┆	6	1371114127	0.000000	99.999836
«	6	1371114133	0.000000	99.999836
»	6	1371114139	0.000000	99.999837
■	6	1371114145	0.000000	99.999837
ê	6	1371114151	0.000000	99.999837
Š	5	1371114156	0.000000	99.999838
ã	5	1371114161	0.000000	99.999838
古	5	1371114166	0.000000	99.999839
熟	5	1371114171	0.000000	99.999839
人	5	1371114176	0.000000	99.999839
気	5	1371114181	0.000000	99.999840
単	5	1371114186	0.000000	99.999840
ベ	5	1371114191	0.000000	99.999840
せ	5	1371114196	0.000000	99.999841
決	5	1371114201	0.000000	99.999841
証	5	1371114206	0.000000	99.999841
感	5	1371114211	0.000000	99.999842
林	5	1371114216	0.000000	99.999842
太	5	1371114221	0.000000	99.999843
付	5	1371114226	0.000000	99.999843
委	5	1371114231	0.000000	99.999843
였	5	1371114236	0.000000	99.999844
싶	5	1371114241	0.000000	99.999844
겹	5	1371114246	0.000000	99.999844
곧	5	1371114251	0.000000	99.999845
넌	5	1371114256	0.000000	99.999845
뿐	5	1371114261	0.000000	99.999845
겟	5	1371114266	0.000000	99.999846
닌	5	1371114271	0.000000	99.999846
움	5	1371114276	0.000000	99.999847
회	5	1371114281	0.000000	99.999847
죠	5	1371114286	0.000000	99.999847
누	5	1371114291	0.000000	99.999848
랫	5	1371114296	0.000000	99.999848
획	5	1371114301	0.000000	99.999848
틴	5	1371114306	0.000000	99.999849
폴	5	1371114311	0.000000	99.999849
附	5	1371114316	0.000000	99.999849
显	5	1371114321	0.000000	99.999850
称	5	1371114326	0.000000	99.999850
电	5	1371114331	0.000000	99.999851
议	5	1371114336	0.000000	99.999851
案	5	1371114341	0.000000	99.999851
匹	5	1371114346	0.000000	99.999852
稳	5	1371114351	0.000000	99.999852
旧	5	1371114356	0.000000	99.999852
立	5	1371114361	0.000000	99.999853
步	5	1371114366	0.000000	99.999853
询	5	1371114371	0.000000	99.999853
验	5	1371114376	0.000000	99.999854
尚	5	1371114381	0.000000	99.999854
阻	5	1371114386	0.000000	99.999855
形	5	1371114391	0.000000	99.999855
识	5	1371114396	0.000000	99.999855
废	5	1371114401	0.000000	99.999856
热	5	1371114406	0.000000	99.999856
响	5	1371114411	0.000000	99.999856
哪	5	1371114416	0.000000	99.999857
顶	5	1371114421	0.000000	99.999857
丢	5	1371114426	0.000000	99.999857
杂	5	1371114431	0.000000	99.999858
釋	5	1371114436	0.000000	99.999858
網	5	1371114441	0.000000	99.999859
樣	5	1371114446	0.000000	99.999859
顯	5	1371114451	0.000000	99.999859
獲	5	1371114456	0.000000	99.999860
刪	5	1371114461	0.000000	99.999860
穩	5	1371114466	0.000000	99.999860
經	5	1371114471	0.000000	99.999861
舊	5	1371114476	0.000000	99.999861
續	5	1371114481	0.000000	99.999861
別	5	1371114486	0.000000	99.999862
ì	5	1371114491	0.000000	99.999862
	5	1371114496	0.000000	99.999863
½	5	1371114501	0.000000	99.999863
Å	5	1371114506	0.000000	99.999863
÷	5	1371114511	0.000000	99.999864
∩	5	1371114516	0.000000	99.999864
█	5	1371114521	0.000000	99.999864
▄	5	1371114526	0.000000	99.999865
対	4	1371114530	0.000000	99.999865
答	4	1371114534	0.000000	99.999865
々	4	1371114538	0.000000	99.999866
ユ	4	1371114542	0.000000	99.999866
ザ	4	1371114546	0.000000	99.999866
ケ	4	1371114550	0.000000	99.999867
じ	4	1371114554	0.000000	99.999867
界	4	1371114558	0.000000	99.999867
げ	4	1371114562	0.000000	99.999867
互	4	1371114566	0.000000	99.999868
ャ	4	1371114570	0.000000	99.999868
従	4	1371114574	0.000000	99.999868
学	4	1371114578	0.000000	99.999869
条	4	1371114582	0.000000	99.999869
仕	4	1371114586	0.000000	99.999869
誰	4	1371114590	0.000000	99.999869
頂	4	1371114594	0.000000	99.999870
光	4	1371114598	0.000000	99.999870
닙	4	1371114602	0.000000	99.999870
술	4	1371114606	0.000000	99.999871
듯	4	1371114610	0.000000	99.999871
등	4	1371114614	0.000000	99.999871
뀌	4	1371114618	0.000000	99.999871
친	4	1371114622	0.000000	99.999872
낼	4	1371114626	0.000000	99.999872
권	4	1371114630	0.000000	99.999872
즘	4	1371114634	0.000000	99.999873
꾸	4	1371114638	0.000000	99.999873
름	4	1371114642	0.000000	99.999873
됨	4	1371114646	0.000000	99.999874
즈	4	1371114650	0.000000	99.999874
삭	4	1371114654	0.000000	99.999874
뱅	4	1371114658	0.000000	99.999874
홀	4	1371114662	0.000000	99.999875
갈	4	1371114666	0.000000	99.999875
짓	4	1371114670	0.000000	99.999875
금	4	1371114674	0.000000	99.999876
논	4	1371114678	0.000000	99.999876
옵	4	1371114682	0.000000	99.999876
워	4	1371114686	0.000000	99.999876
칠	4	1371114690	0.000000	99.999877
쪽	4	1371114694	0.000000	99.999877
젼	4	1371114698	0.000000	99.999877
Í	4	1371114702	0.000000	99.999878
遇	4	1371114706	0.000000	99.999878
络	4	1371114710	0.000000	99.999878
虽	4	1371114714	0.000000	99.999878
书	4	1371114718	0.000000	99.999879
站	4	1371114722	0.000000	99.999879
资	4	1371114726	0.000000	99.999879
权	4	1371114730	0.000000	99.999880
首	4	1371114734	0.000000	99.999880
怪	4	1371114738	0.000000	99.999880
彩	4	1371114742	0.000000	99.999881
色	4	1371114746	0.000000	99.999881
台	4	1371114750	0.000000	99.999881
路	4	1371114754	0.000000	99.999881
协	4	1371114758	0.000000	99.999882
仿	4	1371114762	0.000000	99.999882
稍	4	1371114766	0.000000	99.999882
微	4	1371114770	0.000000	99.999883
降	4	1371114774	0.000000	99.999883
吧	4	1371114778	0.000000	99.999883
密	4	1371114782	0.000000	99.999883
决	4	1371114786	0.000000	99.999884
拥	4	1371114790	0.000000	99.999884
跨	4	1371114794	0.000000	99.999884
越	4	1371114798	0.000000	99.999885
术	4	1371114802	0.000000	99.999885
监	4	1371114806	0.000000	99.999885
负	4	1371114810	0.000000	99.999885
责	4	1371114814	0.000000	99.999886
靠	4	1371114818	0.000000	99.999886
近	4	1371114822	0.000000	99.999886
尾	4	1371114826	0.000000	99.999887
展	4	1371114830	0.000000	99.999887
宜	4	1371114834	0.000000	99.999887
判	4	1371114838	0.000000	99.999888
搜	4	1371114842	0.000000	99.999888
览	4	1371114846	0.000000	99.999888
拔	4	1371114850	0.000000	99.999888
志	4	1371114854	0.000000	99.999889
幫	4	1371114858	0.000000	99.999889
權	4	1371114862	0.000000	99.999889
還	4	1371114866	0.000000	99.999890
詢	4	1371114870	0.000000	99.999890
協	4	1371114874	0.000000	99.999890
鏈	4	1371114878	0.000000	99.999890
閉	4	1371114882	0.000000	99.999891
薦	4	1371114886	0.000000	99.999891
冊	4	1371114890	0.000000	99.999891
廢	4	1371114894	0.000000	99.999892
棄	4	1371114898	0.000000	99.999892
漆	4	1371114902	0.000000	99.999892
鹏	4	1371114906	0.000000	99.999892
振	4	1371114910	0.000000	99.999893
�	4	1371114914	0.000000	99.999893
╯	4	1371114918	0.000000	99.999893
┻	4	1371114922	0.000000	99.999894
ń	4	1371114926	0.000000	99.999894
³	4	1371114930	0.000000	99.999894
政	4	1371114934	0.000000	99.999895
≠	4	1371114938	0.000000	99.999895
⏰	4	1371114942	0.000000	99.999895
窄	4	1371114946	0.000000	99.999895
Ç	4	1371114950	0.000000	99.999896
â	4	1371114954	0.000000	99.999896
Æ	4	1371114958	0.000000	99.999896
û	4	1371114962	0.000000	99.999897
ù	4	1371114966	0.000000	99.999897
ÿ	4	1371114970	0.000000	99.999897
¢	4	1371114974	0.000000	99.999897
£	4	1371114978	0.000000	99.999898
¥	4	1371114982	0.000000	99.999898
₧	4	1371114986	0.000000	99.999898
ƒ	4	1371114990	0.000000	99.999899
Ñ	4	1371114994	0.000000	99.999899
ª	4	1371114998	0.000000	99.999899
⌐	4	1371115002	0.000000	99.999899
¬	4	1371115006	0.000000	99.999900
¼	4	1371115010	0.000000	99.999900
░	4	1371115014	0.000000	99.999900
▒	4	1371115018	0.000000	99.999901
▓	4	1371115022	0.000000	99.999901
╡	4	1371115026	0.000000	99.999901
╢	4	1371115030	0.000000	99.999902
╖	4	1371115034	0.000000	99.999902
╕	4	1371115038	0.000000	99.999902
╣	4	1371115042	0.000000	99.999902
║	4	1371115046	0.000000	99.999903
╗	4	1371115050	0.000000	99.999903
╝	4	1371115054	0.000000	99.999903
╜	4	1371115058	0.000000	99.999904
╛	4	1371115062	0.000000	99.999904
╞	4	1371115066	0.000000	99.999904
╟	4	1371115070	0.000000	99.999904
╚	4	1371115074	0.000000	99.999905
╔	4	1371115078	0.000000	99.999905
╩	4	1371115082	0.000000	99.999905
╦	4	1371115086	0.000000	99.999906
╠	4	1371115090	0.000000	99.999906
═	4	1371115094	0.000000	99.999906
╬	4	1371115098	0.000000	99.999906
╧	4	1371115102	0.000000	99.999907
╨	4	1371115106	0.000000	99.999907
╤	4	1371115110	0.000000	99.999907
╥	4	1371115114	0.000000	99.999908
╙	4	1371115118	0.000000	99.999908
╘	4	1371115122	0.000000	99.999908
╒	4	1371115126	0.000000	99.999909
╓	4	1371115130	0.000000	99.999909
╫	4	1371115134	0.000000	99.999909
╪	4	1371115138	0.000000	99.999909
▌	4	1371115142	0.000000	99.999910
▐	4	1371115146	0.000000	99.999910
▀	4	1371115150	0.000000	99.999910
Γ	4	1371115154	0.000000	99.999911
π	4	1371115158	0.000000	99.999911
Σ	4	1371115162	0.000000	99.999911
σ	4	1371115166	0.000000	99.999911
τ	4	1371115170	0.000000	99.999912
Φ	4	1371115174	0.000000	99.999912
Θ	4	1371115178	0.000000	99.999912
δ	4	1371115182	0.000000	99.999913
∞	4	1371115186	0.000000	99.999913
φ	4	1371115190	0.000000	99.999913
≡	4	1371115194	0.000000	99.999914
≥	4	1371115198	0.000000	99.999914
⌠	4	1371115202	0.000000	99.999914
⌡	4	1371115206	0.000000	99.999914
√	4	1371115210	0.000000	99.999915
ⁿ	4	1371115214	0.000000	99.999915
長	3	1371115217	0.000000	99.999915
旨	3	1371115220	0.000000	99.999915
蔽	3	1371115223	0.000000	99.999916
語	3	1371115226	0.000000	99.999916
欲	3	1371115229	0.000000	99.999916
術	3	1371115232	0.000000	99.999916
ポ	3	1371115235	0.000000	99.999916
掛	3	1371115238	0.000000	99.999917
ご	3	1371115241	0.000000	99.999917
違	3	1371115244	0.000000	99.999917
遠	3	1371115247	0.000000	99.999917
・	3	1371115250	0.000000	99.999918
ね	3	1371115253	0.000000	99.999918
ブ	3	1371115256	0.000000	99.999918
報	3	1371115259	0.000000	99.999918
照	3	1371115262	0.000000	99.999918
較	3	1371115265	0.000000	99.999919
余	3	1371115268	0.000000	99.999919
短	3	1371115271	0.000000	99.999919
幸	3	1371115274	0.000000	99.999919
へ	3	1371115277	0.000000	99.999920
元	3	1371115280	0.000000	99.999920
典	3	1371115283	0.000000	99.999920
皆	3	1371115286	0.000000	99.999920
책	3	1371115289	0.000000	99.999920
옳	3	1371115292	0.000000	99.999921
족	3	1371115295	0.000000	99.999921
곳	3	1371115298	0.000000	99.999921
네	3	1371115301	0.000000	99.999921
넷	3	1371115304	0.000000	99.999922
악	3	1371115307	0.000000	99.999922
냅	3	1371115310	0.000000	99.999922
뭐	3	1371115313	0.000000	99.999922
힌	3	1371115316	0.000000	99.999922
복	3	1371115319	0.000000	99.999923
급	3	1371115322	0.000000	99.999923
늘	3	1371115325	0.000000	99.999923
투	3	1371115328	0.000000	99.999923
큐	3	1371115331	0.000000	99.999923
울	3	1371115334	0.000000	99.999924
끝	3	1371115337	0.000000	99.999924
깊	3	1371115340	0.000000	99.999924
물	3	1371115343	0.000000	99.999924
망	3	1371115346	0.000000	99.999925
빠	3	1371115349	0.000000	99.999925
깝	3	1371115352	0.000000	99.999925
벨	3	1371115355	0.000000	99.999925
꿔	3	1371115358	0.000000	99.999925
셈	3	1371115361	0.000000	99.999926
블	3	1371115364	0.000000	99.999926
찬	3	1371115367	0.000000	99.999926
춥	3	1371115370	0.000000	99.999926
쁜	3	1371115373	0.000000	99.999927
검	3	1371115376	0.000000	99.999927
뜻	3	1371115379	0.000000	99.999927
헤	3	1371115382	0.000000	99.999927
틀	3	1371115385	0.000000	99.999927
국	3	1371115388	0.000000	99.999928
좋	3	1371115391	0.000000	99.999928
객	3	1371115394	0.000000	99.999928
플	3	1371115397	0.000000	99.999928
송	3	1371115400	0.000000	99.999929
뤄	3	1371115403	0.000000	99.999929
케	3	1371115406	0.000000	99.999929
겨	3	1371115409	0.000000	99.999929
삽	3	1371115412	0.000000	99.999929
착	3	1371115415	0.000000	99.999930
섭	3	1371115418	0.000000	99.999930
응	3	1371115421	0.000000	99.999930
듈	3	1371115424	0.000000	99.999930
随	3	1371115427	0.000000	99.999930
储	3	1371115430	0.000000	99.999931
卡	3	1371115433	0.000000	99.999931
淆	3	1371115436	0.000000	99.999931
永	3	1371115439	0.000000	99.999931
远	3	1371115442	0.000000	99.999932
坏	3	1371115445	0.000000	99.999932
缩	3	1371115448	0.000000	99.999932
看	3	1371115451	0.000000	99.999932
尤	3	1371115454	0.000000	99.999932
盘	3	1371115457	0.000000	99.999933
覆	3	1371115460	0.000000	99.999933
佳	3	1371115463	0.000000	99.999933
汇	3	1371115466	0.000000	99.999933
环	3	1371115469	0.000000	99.999934
粒	3	1371115472	0.000000	99.999934
故	3	1371115475	0.000000	99.999934
停	3	1371115478	0.000000	99.999934
达	3	1371115481	0.000000	99.999934
循	3	1371115484	0.000000	99.999935
讨	3	1371115487	0.000000	99.999935
底	3	1371115490	0.000000	99.999935
烈	3	1371115493	0.000000	99.999935
排	3	1371115496	0.000000	99.999936
快	3	1371115499	0.000000	99.999936
绍	3	1371115502	0.000000	99.999936
连	3	1371115505	0.000000	99.999936
隐	3	1371115508	0.000000	99.999936
水	3	1371115511	0.000000	99.999937
深	3	1371115514	0.000000	99.999937
围	3	1371115517	0.000000	99.999937
历	3	1371115520	0.000000	99.999937
摄	3	1371115523	0.000000	99.999937
斥	3	1371115526	0.000000	99.999938
待	3	1371115529	0.000000	99.999938
听	3	1371115532	0.000000	99.999938
枚	3	1371115535	0.000000	99.999938
舉	3	1371115538	0.000000	99.999939
絡	3	1371115541	0.000000	99.999939
複	3	1371115544	0.000000	99.999939
隨	3	1371115547	0.000000	99.999939
稱	3	1371115550	0.000000	99.999939
電	3	1371115553	0.000000	99.999940
資	3	1371115556	0.000000	99.999940
順	3	1371115559	0.000000	99.999940
銷	3	1371115562	0.000000	99.999940
賴	3	1371115565	0.000000	99.999941
儲	3	1371115568	0.000000	99.999941
學	3	1371115571	0.000000	99.999941
壞	3	1371115574	0.000000	99.999941
縮	3	1371115577	0.000000	99.999941
盤	3	1371115580	0.000000	99.999942
條	3	1371115583	0.000000	99.999942
訪	3	1371115586	0.000000	99.999942
彙	3	1371115589	0.000000	99.999942
擁	3	1371115592	0.000000	99.999943
優	3	1371115595	0.000000	99.999943
獨	3	1371115598	0.000000	99.999943
產	3	1371115601	0.000000	99.999943
觸	3	1371115604	0.000000	99.999943
‐	3	1371115607	0.000000	99.999944
ă	2	1371115609	0.000000	99.999944
団	2	1371115611	0.000000	99.999944
広	2	1371115613	0.000000	99.999944
質	2	1371115615	0.000000	99.999944
ぜ	2	1371115617	0.000000	99.999944
説	2	1371115619	0.000000	99.999944
渡	2	1371115621	0.000000	99.999945
マ	2	1371115623	0.000000	99.999945
頼	2	1371115625	0.000000	99.999945
良	2	1371115627	0.000000	99.999945
ズ	2	1371115629	0.000000	99.999945
読	2	1371115631	0.000000	99.999945
視	2	1371115633	0.000000	99.999946
係	2	1371115635	0.000000	99.999946
Ｃ	2	1371115637	0.000000	99.999946
扱	2	1371115639	0.000000	99.999946
悪	2	1371115641	0.000000	99.999946
夢	2	1371115643	0.000000	99.999946
ぐ	2	1371115645	0.000000	99.999946
悩	2	1371115647	0.000000	99.999947
ハ	2	1371115649	0.000000	99.999947
応	2	1371115651	0.000000	99.999947
継	2	1371115653	0.000000	99.999947
極	2	1371115655	0.000000	99.999947
火	2	1371115657	0.000000	99.999947
爆	2	1371115659	0.000000	99.999947
彼	2	1371115661	0.000000	99.999948
討	2	1371115663	0.000000	99.999948
挙	2	1371115665	0.000000	99.999948
純	2	1371115667	0.000000	99.999948
偶	2	1371115669	0.000000	99.999948
削	2	1371115671	0.000000	99.999948
力	2	1371115673	0.000000	99.999948
稿	2	1371115675	0.000000	99.999949
エ	2	1371115677	0.000000	99.999949
競	2	1371115679	0.000000	99.999949
却	2	1371115681	0.000000	99.999949
領	2	1371115683	0.000000	99.999949
ボ	2	1371115685	0.000000	99.999949
박	2	1371115687	0.000000	99.999949
탁	2	1371115689	0.000000	99.999950
봐	2	1371115691	0.000000	99.999950
봉	2	1371115693	0.000000	99.999950
암	2	1371115695	0.000000	99.999950
슬	2	1371115697	0.000000	99.999950
헌	2	1371115699	0.000000	99.999950
창	2	1371115701	0.000000	99.999950
봤	2	1371115703	0.000000	99.999951
둔	2	1371115705	0.000000	99.999951
릭	2	1371115707	0.000000	99.999951
씩	2	1371115709	0.000000	99.999951
님	2	1371115711	0.000000	99.999951
백	2	1371115713	0.000000	99.999951
났	2	1371115715	0.000000	99.999951
높	2	1371115717	0.000000	99.999952
평	2	1371115719	0.000000	99.999952
짧	2	1371115721	0.000000	99.999952
줘	2	1371115723	0.000000	99.999952
렸	2	1371115725	0.000000	99.999952
뜨	2	1371115727	0.000000	99.999952
짐	2	1371115729	0.000000	99.999953
념	2	1371115731	0.000000	99.999953
남	2	1371115733	0.000000	99.999953
핵	2	1371115735	0.000000	99.999953
량	2	1371115737	0.000000	99.999953
담	2	1371115739	0.000000	99.999953
겪	2	1371115741	0.000000	99.999953
린	2	1371115743	0.000000	99.999954
허	2	1371115745	0.000000	99.999954
첩	2	1371115747	0.000000	99.999954
좀	2	1371115749	0.000000	99.999954
팅	2	1371115751	0.000000	99.999954
곱	2	1371115753	0.000000	99.999954
슨	2	1371115755	0.000000	99.999954
칩	2	1371115757	0.000000	99.999955
폼	2	1371115759	0.000000	99.999955
쥴	2	1371115761	0.000000	99.999955
듭	2	1371115763	0.000000	99.999955
벌	2	1371115765	0.000000	99.999955
뀐	2	1371115767	0.000000	99.999955
싸	2	1371115769	0.000000	99.999955
엄	2	1371115771	0.000000	99.999956
격	2	1371115773	0.000000	99.999956
답	2	1371115775	0.000000	99.999956
잭	2	1371115777	0.000000	99.999956
꾼	2	1371115779	0.000000	99.999956
찰	2	1371115781	0.000000	99.999956
훨	2	1371115783	0.000000	99.999956
씬	2	1371115785	0.000000	99.999957
왜	2	1371115787	0.000000	99.999957
걱	2	1371115789	0.000000	99.999957
풀	2	1371115791	0.000000	99.999957
냐	2	1371115793	0.000000	99.999957
몽	2	1371115795	0.000000	99.999957
찾	2	1371115797	0.000000	99.999957
노	2	1371115799	0.000000	99.999958
仔	2	1371115801	0.000000	99.999958
诉	2	1371115803	0.000000	99.999958
克	2	1371115805	0.000000	99.999958
隆	2	1371115807	0.000000	99.999958
散	2	1371115809	0.000000	99.999958
黑	2	1371115811	0.000000	99.999959
团	2	1371115813	0.000000	99.999959
务	2	1371115815	0.000000	99.999959
拷	2	1371115817	0.000000	99.999959
恰	2	1371115819	0.000000	99.999959
天	2	1371115821	0.000000	99.999959
专	2	1371115823	0.000000	99.999959
把	2	1371115825	0.000000	99.999960
里	2	1371115827	0.000000	99.999960
搞	2	1371115829	0.000000	99.999960
糟	2	1371115831	0.000000	99.999960
顺	2	1371115833	0.000000	99.999960
犯	2	1371115835	0.000000	99.999960
撤	2	1371115837	0.000000	99.999960
骤	2	1371115839	0.000000	99.999961
奇	2	1371115841	0.000000	99.999961
纯	2	1371115843	0.000000	99.999961
叉	2	1371115845	0.000000	99.999961
仍	2	1371115847	0.000000	99.999961
慢	2	1371115849	0.000000	99.999961
研	2	1371115851	0.000000	99.999961
究	2	1371115853	0.000000	99.999962
徒	2	1371115855	0.000000	99.999962
静	2	1371115857	0.000000	99.999962
副	2	1371115859	0.000000	99.999962
盖	2	1371115861	0.000000	99.999962
报	2	1371115863	0.000000	99.999962
宋	2	1371115865	0.000000	99.999962
冬	2	1371115867	0.000000	99.999963
紧	2	1371115869	0.000000	99.999963
突	2	1371115871	0.000000	99.999963
巧	2	1371115873	0.000000	99.999963
阶	2	1371115875	0.000000	99.999963
槽	2	1371115877	0.000000	99.999963
境	2	1371115879	0.000000	99.999963
超	2	1371115881	0.000000	99.999964
旗	2	1371115883	0.000000	99.999964
魔	2	1371115885	0.000000	99.999964
末	2	1371115887	0.000000	99.999964
磁	2	1371115889	0.000000	99.999964
省	2	1371115891	0.000000	99.999964
扩	2	1371115893	0.000000	99.999964
遵	2	1371115895	0.000000	99.999965
旋	2	1371115897	0.000000	99.999965
轮	2	1371115899	0.000000	99.999965
忙	2	1371115901	0.000000	99.999965
础	2	1371115903	0.000000	99.999965
终	2	1371115905	0.000000	99.999965
隔	2	1371115907	0.000000	99.999966
背	2	1371115909	0.000000	99.999966
严	2	1371115911	0.000000	99.999966
触	2	1371115913	0.000000	99.999966
干	2	1371115915	0.000000	99.999966
麻	2	1371115917	0.000000	99.999966
携	2	1371115919	0.000000	99.999966
察	2	1371115921	0.000000	99.999967
挂	2	1371115923	0.000000	99.999967
祖	2	1371115925	0.000000	99.999967
广	2	1371115927	0.000000	99.999967
泛	2	1371115929	0.000000	99.999967
遭	2	1371115931	0.000000	99.999967
封	2	1371115933	0.000000	99.999967
溢	2	1371115935	0.000000	99.999968
捷	2	1371115937	0.000000	99.999968
德	2	1371115939	0.000000	99.999968
州	2	1371115941	0.000000	99.999968
仪	2	1371115943	0.000000	99.999968
拆	2	1371115945	0.000000	99.999968
垂	2	1371115947	0.000000	99.999968
极	2	1371115949	0.000000	99.999969
串	2	1371115951	0.000000	99.999969
曝	2	1371115953	0.000000	99.999969
减	2	1371115955	0.000000	99.999969
忘	2	1371115957	0.000000	99.999969
素	2	1371115959	0.000000	99.999969
卸	2	1371115961	0.000000	99.999969
板	2	1371115963	0.000000	99.999970
旦	2	1371115965	0.000000	99.999970
往	2	1371115967	0.000000	99.999970
延	2	1371115969	0.000000	99.999970
临	2	1371115971	0.000000	99.999970
捕	2	1371115973	0.000000	99.999970
識	2	1371115975	0.000000	99.999970
額	2	1371115977	0.000000	99.999971
團	2	1371115979	0.000000	99.999971
雖	2	1371115981	0.000000	99.999971
專	2	1371115983	0.000000	99.999971
裏	2	1371115985	0.000000	99.999971
蹤	2	1371115987	0.000000	99.999971
預	2	1371115989	0.000000	99.999971
擇	2	1371115991	0.000000	99.999972
臺	2	1371115993	0.000000	99.999972
驗	2	1371115995	0.000000	99.999972
靜	2	1371115997	0.000000	99.999972
製	2	1371115999	0.000000	99.999972
頻	2	1371116001	0.000000	99.999972
緊	2	1371116003	0.000000	99.999973
階	2	1371116005	0.000000	99.999973
環	2	1371116007	0.000000	99.999973
責	2	1371116009	0.000000	99.999973
圖	2	1371116011	0.000000	99.999973
閒	2	1371116013	0.000000	99.999973
擴	2	1371116015	0.000000	99.999973
礎	2	1371116017	0.000000	99.999974
終	2	1371116019	0.000000	99.999974
謂	2	1371116021	0.000000	99.999974
嚴	2	1371116023	0.000000	99.999974
攜	2	1371116025	0.000000	99.999974
晶	2	1371116027	0.000000	99.999974
刷	2	1371116029	0.000000	99.999974
□	2	1371116031	0.000000	99.999975
︵	2	1371116033	0.000000	99.999975
━	2	1371116035	0.000000	99.999975
Č	2	1371116037	0.000000	99.999975
Ω	2	1371116039	0.000000	99.999975
Ś	2	1371116041	0.000000	99.999975
ð	2	1371116043	0.000000	99.999975
¨	2	1371116045	0.000000	99.999976
🔥	2	1371116047	0.000000	99.999976
¾	2	1371116049	0.000000	99.999976
為	2	1371116051	0.000000	99.999976
寬	2	1371116053	0.000000	99.999976
\x1B	2	1371116055	0.000000	99.999976
ŭ	1	1371116056	0.000000	99.999976
著	1	1371116057	0.000000	99.999976
池	1	1371116058	0.000000	99.999977
田	1	1371116059	0.000000	99.999977
宗	1	1371116060	0.000000	99.999977
諸	1	1371116061	0.000000	99.999977
世	1	1371116062	0.000000	99.999977
隠	1	1371116063	0.000000	99.999977
込	1	1371116064	0.000000	99.999977
む	1	1371116065	0.000000	99.999977
疑	1	1371116066	0.000000	99.999977
弁	1	1371116067	0.000000	99.999977
士	1	1371116068	0.000000	99.999977
談	1	1371116069	0.000000	99.999977
軽	1	1371116070	0.000000	99.999977
囲	1	1371116071	0.000000	99.999977
様	1	1371116072	0.000000	99.999978
思	1	1371116073	0.000000	99.999978
十	1	1371116074	0.000000	99.999978
ウ	1	1371116075	0.000000	99.999978
昔	1	1371116076	0.000000	99.999978
揮	1	1371116077	0.000000	99.999978
激	1	1371116078	0.000000	99.999978
争	1	1371116079	0.000000	99.999978
巻	1	1371116080	0.000000	99.999978
歩	1	1371116081	0.000000	99.999978
検	1	1371116082	0.000000	99.999978
３	1	1371116083	0.000000	99.999978
伴	1	1371116084	0.000000	99.999978
残	1	1371116085	0.000000	99.999978
危	1	1371116086	0.000000	99.999979
険	1	1371116087	0.000000	99.999979
楽	1	1371116088	0.000000	99.999979
価	1	1371116089	0.000000	99.999979
値	1	1371116090	0.000000	99.999979
酬	1	1371116091	0.000000	99.999979
ひ	1	1371116092	0.000000	99.999979
び	1	1371116093	0.000000	99.999979
経	1	1371116094	0.000000	99.999979
役	1	1371116095	0.000000	99.999979
妥	1	1371116096	0.000000	99.999979
酷	1	1371116097	0.000000	99.999979
祈	1	1371116098	0.000000	99.999979
＜	1	1371116099	0.000000	99.999980
＞	1	1371116100	0.000000	99.999980
ぞ	1	1371116101	0.000000	99.999980
労	1	1371116102	0.000000	99.999980
払	1	1371116103	0.000000	99.999980
効	1	1371116104	0.000000	99.999980
品	1	1371116105	0.000000	99.999980
善	1	1371116106	0.000000	99.999980
草	1	1371116107	0.000000	99.999980
査	1	1371116108	0.000000	99.999980
謝	1	1371116109	0.000000	99.999980
武	1	1371116110	0.000000	99.999980
井	1	1371116111	0.000000	99.999980
伸	1	1371116112	0.000000	99.999980
雅	1	1371116113	0.000000	99.999981
野	1	1371116114	0.000000	99.999981
神	1	1371116115	0.000000	99.999981
宮	1	1371116116	0.000000	99.999981
郎	1	1371116117	0.000000	99.999981
脈	1	1371116118	0.000000	99.999981
壊	1	1371116119	0.000000	99.999981
ダ	1	1371116120	0.000000	99.999981
緒	1	1371116121	0.000000	99.999981
白	1	1371116122	0.000000	99.999981
　	1	1371116123	0.000000	99.999981
ミ	1	1371116124	0.000000	99.999981
投	1	1371116125	0.000000	99.999981
唱	1	1371116126	0.000000	99.999981
活	1	1371116127	0.000000	99.999982
뭔	1	1371116128	0.000000	99.999982
천	1	1371116129	0.000000	99.999982
색	1	1371116130	0.000000	99.999982
총	1	1371116131	0.000000	99.999982
온	1	1371116132	0.000000	99.999982
칼	1	1371116133	0.000000	99.999982
흐	1	1371116134	0.000000	99.999982
독	1	1371116135	0.000000	99.999982
앱	1	1371116136	0.000000	99.999982
취	1	1371116137	0.000000	99.999982
뢰	1	1371116138	0.000000	99.999982
긋	1	1371116139	0.000000	99.999982
묘	1	1371116140	0.000000	99.999982
열	1	1371116141	0.000000	99.999983
깰	1	1371116142	0.000000	99.999983
싼	1	1371116143	0.000000	99.999983
돕	1	1371116144	0.000000	99.999983
곤	1	1371116145	0.000000	99.999983
꿀	1	1371116146	0.000000	99.999983
돌	1	1371116147	0.000000	99.999983
끄	1	1371116148	0.000000	99.999983
손	1	1371116149	0.000000	99.999983
앨	1	1371116150	0.000000	99.999983
룰	1	1371116151	0.000000	99.999983
킴	1	1371116152	0.000000	99.999983
셋	1	1371116153	0.000000	99.999983
쳤	1	1371116154	0.000000	99.999984
퓨	1	1371116155	0.000000	99.999984
뒷	1	1371116156	0.000000	99.999984
섬	1	1371116157	0.000000	99.999984
쌍	1	1371116158	0.000000	99.999984
힐	1	1371116159	0.000000	99.999984
뀔	1	1371116160	0.000000	99.999984
큼	1	1371116161	0.000000	99.999984
눈	1	1371116162	0.000000	99.999984
썼	1	1371116163	0.000000	99.999984
훌	1	1371116164	0.000000	99.999984
륭	1	1371116165	0.000000	99.999984
론	1	1371116166	0.000000	99.999984
갯	1	1371116167	0.000000	99.999984
짜	1	1371116168	0.000000	99.999985
떨	1	1371116169	0.000000	99.999985
큰	1	1371116170	0.000000	99.999985
킹	1	1371116171	0.000000	99.999985
빼	1	1371116172	0.000000	99.999985
흔	1	1371116173	0.000000	99.999985
씀	1	1371116174	0.000000	99.999985
렴	1	1371116175	0.000000	99.999985
떠	1	1371116176	0.000000	99.999985
끔	1	1371116177	0.000000	99.999985
뮤	1	1371116178	0.000000	99.999985
쥐	1	1371116179	0.000000	99.999985
젠	1	1371116180	0.000000	99.999985
릅	1	1371116181	0.000000	99.999985
욱	1	1371116182	0.000000	99.999986
낫	1	1371116183	0.000000	99.999986
갔	1	1371116184	0.000000	99.999986
율	1	1371116185	0.000000	99.999986
킨	1	1371116186	0.000000	99.999986
섞	1	1371116187	0.000000	99.999986
염	1	1371116188	0.000000	99.999986
랑	1	1371116189	0.000000	99.999986
산	1	1371116190	0.000000	99.999986
낸	1	1371116191	0.000000	99.999986
셉	1	1371116192	0.000000	99.999986
덮	1	1371116193	0.000000	99.999986
숨	1	1371116194	0.000000	99.999986
월	1	1371116195	0.000000	99.999987
엉	1	1371116196	0.000000	99.999987
괄	1	1371116197	0.000000	99.999987
됐	1	1371116198	0.000000	99.999987
김	1	1371116199	0.000000	99.999987
민	1	1371116200	0.000000	99.999987
숙	1	1371116201	0.000000	99.999987
딩	1	1371116202	0.000000	99.999987
닐	1	1371116203	0.000000	99.999987
믿	1	1371116204	0.000000	99.999987
렵	1	1371116205	0.000000	99.999987
웠	1	1371116206	0.000000	99.999987
끊	1	1371116207	0.000000	99.999987
킷	1	1371116208	0.000000	99.999987
낡	1	1371116209	0.000000	99.999988
꼭	1	1371116210	0.000000	99.999988
교	1	1371116211	0.000000	99.999988
희	1	1371116212	0.000000	99.999988
갑	1	1371116213	0.000000	99.999988
테	1	1371116214	0.000000	99.999988
힘	1	1371116215	0.000000	99.999988
얘	1	1371116216	0.000000	99.999988
빈	1	1371116217	0.000000	99.999988
쉽	1	1371116218	0.000000	99.999988
쓸	1	1371116219	0.000000	99.999988
멘	1	1371116220	0.000000	99.999988
吴	1	1371116221	0.000000	99.999988
松	1	1371116222	0.000000	99.999988
贬	1	1371116223	0.000000	99.999989
贝	1	1371116224	0.000000	99.999989
栈	1	1371116225	0.000000	99.999989
脚	1	1371116226	0.000000	99.999989
径	1	1371116227	0.000000	99.999989
夹	1	1371116228	0.000000	99.999989
尝	1	1371116229	0.000000	99.999989
员	1	1371116230	0.000000	99.999989
愿	1	1371116231	0.000000	99.999989
缀	1	1371116232	0.000000	99.999989
辑	1	1371116233	0.000000	99.999989
绕	1	1371116234	0.000000	99.999989
语	1	1371116235	0.000000	99.999989
继	1	1371116236	0.000000	99.999989
续	1	1371116237	0.000000	99.999990
钩	1	1371116238	0.000000	99.999990
迁	1	1371116239	0.000000	99.999990
离	1	1371116240	0.000000	99.999990
遗	1	1371116241	0.000000	99.999990
谓	1	1371116242	0.000000	99.999990
违	1	1371116243	0.000000	99.999990
几	1	1371116244	0.000000	99.999990
讯	1	1371116245	0.000000	99.999990
笔	1	1371116246	0.000000	99.999990
扰	1	1371116247	0.000000	99.999990
烦	1	1371116248	0.000000	99.999990
潜	1	1371116249	0.000000	99.999990
观	1	1371116250	0.000000	99.999991
脸	1	1371116251	0.000000	99.999991
价	1	1371116252	0.000000	99.999991
满	1	1371116253	0.000000	99.999991
诺	1	1371116254	0.000000	99.999991
亚	1	1371116255	0.000000	99.999991
镜	1	1371116256	0.000000	99.999991
闪	1	1371116257	0.000000	99.999991
灯	1	1371116258	0.000000	99.999991
伽	1	1371116259	0.000000	99.999991
马	1	1371116260	0.000000	99.999991
采	1	1371116261	0.000000	99.999991
质	1	1371116262	0.000000	99.999991
益	1	1371116263	0.000000	99.999991
均	1	1371116264	0.000000	99.999992
衡	1	1371116265	0.000000	99.999992
掩	1	1371116266	0.000000	99.999992
粹	1	1371116267	0.000000	99.999992
综	1	1371116268	0.000000	99.999992
虑	1	1371116269	0.000000	99.999992
料	1	1371116270	0.000000	99.999992
概	1	1371116271	0.000000	99.999992
红	1	1371116272	0.000000	99.999992
暂	1	1371116273	0.000000	99.999992
衍	1	1371116274	0.000000	99.999992
精	1	1371116275	0.000000	99.999992
折	1	1371116276	0.000000	99.999992
角	1	1371116277	0.000000	99.999992
庞	1	1371116278	0.000000	99.999993
肯	1	1371116279	0.000000	99.999993
亦	1	1371116280	0.000000	99.999993
趋	1	1371116281	0.000000	99.999993
宽	1	1371116282	0.000000	99.999993
赋	1	1371116283	0.000000	99.999993
予	1	1371116284	0.000000	99.999993
透	1	1371116285	0.000000	99.999993
切	1	1371116286	0.000000	99.999993
裸	1	1371116287	0.000000	99.999993
勿	1	1371116288	0.000000	99.999993
又	1	1371116289	0.000000	99.999993
塞	1	1371116290	0.000000	99.999993
藏	1	1371116291	0.000000	99.999994
幕	1	1371116292	0.000000	99.999994
播	1	1371116293	0.000000	99.999994
谐	1	1371116294	0.000000	99.999994
占	1	1371116295	0.000000	99.999994
场	1	1371116296	0.000000	99.999994
景	1	1371116297	0.000000	99.999994
花	1	1371116298	0.000000	99.999994
哨	1	1371116299	0.000000	99.999994
派	1	1371116300	0.000000	99.999994
钟	1	1371116301	0.000000	99.999994
套	1	1371116302	0.000000	99.999994
四	1	1371116303	0.000000	99.999994
涉	1	1371116304	0.000000	99.999994
倡	1	1371116305	0.000000	99.999995
吳	1	1371116306	0.000000	99.999995
訴	1	1371116307	0.000000	99.999995
鬆	1	1371116308	0.000000	99.999995
貶	1	1371116309	0.000000	99.999995
隊	1	1371116310	0.000000	99.999995
務	1	1371116311	0.000000	99.999995
貝	1	1371116312	0.000000	99.999995
棧	1	1371116313	0.000000	99.999995
敗	1	1371116314	0.000000	99.999995
驟	1	1371116315	0.000000	99.999995
徑	1	1371116316	0.000000	99.999995
夾	1	1371116317	0.000000	99.999995
嘗	1	1371116318	0.000000	99.999995
願	1	1371116319	0.000000	99.999996
綴	1	1371116320	0.000000	99.999996
蓋	1	1371116321	0.000000	99.999996
輯	1	1371116322	0.000000	99.999996
盡	1	1371116323	0.000000	99.999996
週	1	1371116324	0.000000	99.999996
繞	1	1371116325	0.000000	99.999996
監	1	1371116326	0.000000	99.999996
負	1	1371116327	0.000000	99.999996
繼	1	1371116328	0.000000	99.999996
輪	1	1371116329	0.000000	99.999996
鉤	1	1371116330	0.000000	99.999996
遷	1	1371116331	0.000000	99.999996
離	1	1371116332	0.000000	99.999996
遺	1	1371116333	0.000000	99.999997
熱	1	1371116334	0.000000	99.999997
幾	1	1371116335	0.000000	99.999997
訊	1	1371116336	0.000000	99.999997
筆	1	1371116337	0.000000	99.999997
擾	1	1371116338	0.000000	99.999997
煩	1	1371116339	0.000000	99.999997
潛	1	1371116340	0.000000	99.999997
讓	1	1371116341	0.000000	99.999997
觀	1	1371116342	0.000000	99.999997
訂	1	1371116343	0.000000	99.999997
廣	1	1371116344	0.000000	99.999997
丟	1	1371116345	0.000000	99.999997
臉	1	1371116346	0.000000	99.999998
價	1	1371116347	0.000000	99.999998
滿	1	1371116348	0.000000	99.999998
弱	1	1371116349	0.000000	99.999998
橋	1	1371116350	0.000000	99.999998
臨	1	1371116351	0.000000	99.999998
復	1	1371116352	0.000000	99.999998
Â	1	1371116353	0.000000	99.999998
ś	1	1371116354	0.000000	99.999998
►	1	1371116355	0.000000	99.999998
Ø	1	1371116356	0.000000	99.999998
ą	1	1371116357	0.000000	99.999998
\x14	1	1371116358	0.000000	99.999998
😛	1	1371116359	0.000000	99.999998
😷	1	1371116360	0.000000	99.999999
∅	1	1371116361	0.000000	99.999999
🕑	1	1371116362	0.000000	99.999999
č	1	1371116363	0.000000	99.999999
­	1	1371116364	0.000000	99.999999
⋯	1	1371116365	0.000000	99.999999
Ã	1	1371116366	0.000000	99.999999
∀	1	1371116367	0.000000	99.999999
ѕ	1	1371116368	0.000000	99.999999
 	1	1371116369	0.000000	99.999999
İ	1	1371116370	0.000000	99.999999
▁	1	1371116371	0.000000	99.999999
▂	1	1371116372	0.000000	99.999999
▃	1	1371116373	0.000000	99.999999
▅	1	1371116374	0.000000	100.000000
▆	1	1371116375	0.000000	100.000000
▇	1	1371116376	0.000000	100.000000
Ż	1	1371116377	0.000000	100.000000
✔	1	1371116378	0.000000	100.000000
️	1	1371116379	0.000000	100.000000
❌	1	1371116380	0.000000	100.000000
